FIELD,ID,RA_x,DEC_x,Z_50,Z_ERR,PAB_FLUX,PAB_FLUX_ERR,OBS_PAB,id3DHST,ir_SFR-ladder_total,ir_SFR-ladder_total_Av,gf_n_j,gf_dn_j,gf_f_j,gf_re_j,gf_dre_j,td_Av,ACS_F435W_FLUX,ACS_F775W_FLUX,restalt_restUjohnson,restalt_restVjohnson,td_flag1,td_z_best,td_z_spec,td_z_best_s,td_z_peak_phot,td_lmass,td_sfr,td_sfr_IR,td_sfr_UV,ir_z_ir,ir_SFR-UV_corr,ir_SFR-UV_corr_Error,ir_SFR-IR,ir_UV_beta,ir_A_UV_280,DL,PAB_L,PAB_L_ERR,SIGMA_1,PAB_SFR,PAB_SFR_ERR,UV_SFR_ERR,PAB_SFR_EX2,PAB_SFR_EX2_ladder,PAB_SFR_EX2_ERR,PAB_SFR_LL,PAB_SFR_EX2_LL,PAB_SFR_LL_1SIGMA,PAB_SFR_EX_LL_1SIGMA,FIELD_x,RA,DEC,Z_50_x,FIELD_y,Z_50_y,restUjohnson,restVjohnson,PAB_FLUX_LIMIT,PAB_L_LIMIT,PAB_SFR_LIMIT,PAB_SFR_EX2_LIMIT,RAND,PAB_FLUX_LIMIT_RAND,PAB_L_LIMIT_RAND,PAB_SFR_LIMIT_RAND,PAB_SFR_EX2_LIMIT_RAND,PAB_SFR_EXCESS_LIMIT_RAND,id,sfrratio,sfrratio_calz,calzfactor,sfrratio_mw,mwfactor,SFR_RAND,ROLL_STD,ROLL_MAD,EXCESS_DIS_FIT,ROLL_MAD_FIT_TOP,ROLL_MAD_FIT_BOT,EX_DC_RAND,EXCESS_DIS_FIT_BETA_NEG
,26881,53.18077776300719,-27.7862553600029,,0.024785047075592835,0.229275116708202,0.308107112312888,14819.358876912296,26881,0.00877614,0.008715,0.5647,0.0238367,0,0.119856,0.00124624,0.1,0.417791,0.574998,,,-1,0.0716,-1.0,3,0.0716,6.13,0.0044701,0.001031,0.0034391,0.12,0.00877614,9.06078e-05,-0.0276628,-2.2259,0.0,752.71546230515,,,,,,,,,,,,,,GS4,53.18077776300719,-27.7862553600029,0.155956230648385,GS4,0.155956230648385,-13.456512,-13.966217,0.308107112312888,2.0886026642247146e+38,-1.70014417234502,0.3565522850183047,0.7461282845967504,0.22988743118207344,1.558365523062189e+38,-1.827330668595259,0.22936578876806557,0.22936578876806557,26881,0.36,0.38,1.06,0.38,1.05,0.28352874814676515,,0.28352874814676515,-0.31554657912295525,0.2835287481467652,-1.2622276932125145,0.28352874814676515,0.7728782206796398
,33042,53.13310297800124,-27.75870335399942,,0.20823272327522482,0.40411848217181695,0.565306813788365,13017.631077203241,33042,4.49878,9.609,0.3586,0.00525275,1,0.018936,8.44731e-05,0.0,5.66787,12.3065,,,0,-1.0,0.0,0,0.0858,6.15,-99.0,-99.0,-99.0,0.4284,4.49878,0.682511,-0.69112,-1.0644,0.97,67.4724600090793,,,,,,,,,,,,,,GS3,53.13310297800124,-27.75870335399942,0.01541584065547891,GS3,0.01541584065547891,22.671574,21.543862,0.565306813788365,3.0791421481054433e+36,-3.531570261498622,-4.184665017250952,0.8310839216025718,0.46981740371188924,2.5590255316192387e+36,-3.6119253810975636,-4.265020136849893,-4.265020136849893,33042,-4.18,-4.18,1.0,-4.18,1.0,-3.47393079229875,,1.8787297702227574,-4.800924358456381,1.3960192233728628,-2.3658662675279722,-3.47393079229875,-2.989007270221195
,44048,53.09674802400001,-27.704334493,,0.017621559527791774,0.899875055285953,0.316111456055713,16000.840684377103,44048,0.00465686,0.005219,2.2317,0.61284,0,0.32352,0.0438399,0.0,0.141628,0.338732,,,-1,0.0713,-1.0,3,0.0713,6.33,-99.0,-99.0,0.0010067,0.17,0.00465686,0.000465233,-0.0633679,-1.8955,0.429,1264.7275203290515,,,,,,,,,,,,,,GS5,53.09674802400001,-27.704334493,0.2481154980013341,GS5,0.2481154980013341,-13.050036,-13.993828,0.316111456055713,6.049599193199765e+38,-1.2382733979008975,1.0936334202413973,1.0496014278952335,0.3317910356501177,6.349667951376324e+38,-1.2172489850474761,1.1146578330948187,1.1146578330948187,44048,1.09,1.09,1.0,1.09,1.0,1.1440655564058047,,1.1440655564058047,0.6598269280491249,1.1440655564058047,-2.0342454923651596,1.1440655564058047,1.5891555243854822
,40131,53.17073665500001,-27.72192978499999,,0.03358280907655448,79.0533145678541,10.2611451910399,15888.656855345607,40131,0.0102775,0.01035,3.4956,0.15648,1,0.945852,0.0332668,1.4,1.17715,3.22215,,,0,0.0355,-1.0,3,0.0355,6.34,0.004018,0.00022223,0.0037957,0.1,0.0102775,9.38987e-05,-0.0181454,-2.0154,0.305,1214.1553731157485,,,,,,,,,,,,,,GS3,53.17073665500001,-27.72192978499999,0.2393648093093297,GS3,0.2393648093093297,-13.857856,-15.01744,10.2611451910399,1.8098258798098471e+40,0.23763679416461514,2.2257493087122278,0.7999605797721927,8.208511656150925,1.447789360099404e+40,0.1407053806450307,2.1288178951926433,2.1288178951926433,40131,2.23,2.56,2.17,2.54,2.06,2.047899084216813,,1.5959823203113088,1.6784910632892154,1.5970888079251386,-2.4828427934291746,2.047899084216813,2.490776076968831
,42937,53.110508708,-27.710232743,,3.1157119120907955,1.67912031292051,1.11039354617976,13045.457996961213,42937,0.00627784,0.00615,1.0056,0.174181,1,0.48213,0.0337802,0.1,0.562841,0.783201,,,-1,0.0754,-1.0,3,0.0754,6.41,0.0073105,0.0027576,0.0045529,0.1,0.00627784,0.000271333,-0.0181454,-2.123,0.204,545.5102005257323,,,,,,,,,,,,,,GS2,53.110508708,-27.71023274299998,0.01758642722006354,GS5,0.1159884694920862,-13.166974,-13.954686,1.11039354617976,3.953439616239662e+38,-1.423024890111499,0.7791648670180402,0.7523468272326203,0.8354010614479205,2.9743577519336574e+38,-1.5466067962893604,0.6555829608401789,0.6555829608401789,42937,-0.88,-0.86,1.06,-0.86,1.05,-0.6470182714200534,,1.1440655564058047,0.23678464093261553,1.1617693582270834,-2.016541690543881,-0.6470182714200534,-0.21963210526165455
,38861,53.142513058,-27.72881650600001,,0.05909638823654372,0.651289715375845,0.804607845983755,14266.788038134757,38861,0.0327861,0.05278,0.592,0.143458,1,0.303384,0.0182471,0.2,0.262607,0.468338,,,-1,0.1156,-1.0,3,0.1156,6.5,0.0092441,0.0036143,0.0056298,0.19,0.0327861,0.00458294,-0.0831503,-1.3277,0.887,529.6597364260093,,,,,,,,,,,,,,GS3,53.142513058,-27.72881650600001,0.1128539811337564,GS3,0.1128539811337564,-14.142447,-14.767873,0.804607845983755,2.7006643558520964e+38,-1.5885293874745798,-0.10421914665039411,0.38123935891556415,0.30674817938127974,1.0295995476711683e+38,-2.0073316569000568,-0.523021416075871,-0.523021416075871,38861,-0.1,-0.06,1.12,-0.06,1.11,-0.02287436153493385,,0.895541913912929,-0.9012830777030372,0.7735474834231006,-1.5884862616420212,-0.02287436153493385,0.38459502757452646
,38414,53.09795286709032,-27.7315287442874,,0.47123141701071425,1.37235875432192,1.1905996877879599,13652.744767026867,38414,0.0348912,0.06477,3.0416,0.632502,1,0.40926,0.0515243,0.0,0.0921401,0.42785,,,-1,0.0636,-1.0,3,0.0636,6.58,-99.0,-99.0,0.00038706,0.29,0.0348912,0.0045762,-0.241874,-1.1793,0.941,294.93267423912715,,,,,,,,,,,,,,GS5,53.09795286709032,-27.7315287442874,0.06495669009569957,GS5,0.06495669009569957,-14.293942,-15.554941,1.1905996877879599,1.2390931923166618e+38,-1.9268960290663486,-0.4696119352991044,1.196706113414077,1.4247979250047431,1.4828303983351139e+38,-1.8489085194229773,-0.3916244256557331,-0.3916244256557331,38414,-0.47,-0.47,1.0,-0.47,1.0,-0.5624518733046162,2.431095078842311,0.6470182714200534,-0.7338535021447687,0.3831126333914583,-1.1626438079678214,-0.5624518733046162,-0.17268628601643465
,27353,189.150612163404,62.27622940539478,,1.2055040077430086,0.6645640510933659,1.10079699632302,13329.423131801143,27353,0.00147378,0.003035,0.9514,0.473231,0,0.178752,0.0211898,0.2,0.18773,0.41151,-11.290719,-12.279596,-1,0.1007,-1.0,3,0.1007,6.68,-99.0,-99.0,0.0021441,0.08,0.00147378,0.000364738,-0.0109444,-1.1503,0.949,177.1400414450901,,,,,,,,,,,,,,GN5,189.150612163404,62.27622940539478,0.03973659374423888,GN5,0.03973659374423888,,,1.10079699632302,4.1326930412559156e+37,-2.403766851054968,0.4278004903317254,1.497337100639706,1.6482641828672078,6.188034616228021e+37,-2.228447265497117,0.6031200758895765,0.6031200758895765,27353,0.43,0.48,1.12,0.47,1.11,0.7187218083070589,1.8714995845995228,0.6828700398635561,0.30593173082320435,0.5619820969875577,-1.297253767010724,0.7187218083070589,1.086357643318642
,22082,53.18347340899999,-27.80676422800001,,0.5263623952113444,7.10477810853023,0.855483957076365,13552.36978265706,22082,1.11042,2.372,0.2,0.000758987,2,0.036024,3.92384e-05,0.0,50.6628,72.5281,,,0,-1.0,0.0,0,0.0615,6.72,-99.0,-99.0,-99.0,0.0901,1.11042,0.168462,-0.0143106,-1.0644,0.97,257.9270133691245,,,,,,,,,,,,,,GS4,53.18347340899999,-27.80676422800001,0.05712712813237598,GS4,0.05712712813237598,20.172664,19.482886,0.855483957076365,6.809229271455994e+37,-2.186902042580087,-2.2323893179273724,0.9540317016031058,0.8161588152637229,6.49622058845284e+37,-2.207339236426783,-2.2528265117740687,-2.2528265117740687,22082,-2.23,-2.23,1.0,-2.23,1.0,-2.127490694574926,1.9872663880992432,0.7187218083070589,-2.5319985642713756,0.7275737092176982,-1.4451415774195857,-2.127490694574926,-1.7687067604739821
,37966,189.3062176,62.369608306,,0.21782543302884705,0.286139370384282,1.12273998572035,14802.728516606234,37966,0.309326,0.3614,0.2,0.881473,2,0.455016,0.491073,0.4,0.26262,0.43766,-16.495579,-16.90698,-1,0.1471,-1.0,3,0.1471,6.77,0.012621,0.0033072,0.0093142,0.54,0.309326,0.0245031,-1.28334,-1.7501,0.58,745.8441810522531,,,,,,,,,,,,,,GN1,189.3062176,62.369608306,0.1546590106557125,GN1,0.1546590106557125,,,1.12273998572035,7.472532813831265e+38,-1.1465321691846952,-0.636948594787497,0.4417770858457911,0.49600079905408134,3.301193770381426e+38,-1.5013289831105965,-0.9917454087133982,-0.9917454087133982,37966,-0.64,-0.54,1.25,-0.55,1.23,-0.23855962635672723,2.006231209899171,0.6828700398635561,-1.2483970954993735,0.5818988740364961,-1.2773369899617857,-0.23855962635672723,0.10915943160591757
,32567,189.32013144,62.30596550600001,,0.24052359319268743,2.22812523507875,0.7839799737726371,15405.375900670364,32567,10.6285,13.15,4.8936,1.69942,0,1.01053,0.271641,0.8,0.3461,0.5869,-20.823541,-21.151884,-1,0.1272,-1.0,3,0.1272,6.77,-99.0,-99.0,0.0067283,2.35,10.6285,1.01474,-42.1616,-1.6508,0.673,1000.9012351604745,,,,,,,,,,,,,,GN3,189.32013144,62.30596550600001,0.2016673869477662,GN3,0.2016673869477662,,,0.7839799737726371,9.396797081929132e+38,-1.047020151366425,-2.0734921282425276,0.4251057368565141,0.3332743844313675,3.9946323476046255e+38,-1.418523185499943,-2.4449951623760455,-2.4449951623760455,32567,-2.07,-1.88,1.56,-1.89,1.51,-0.7991987852902465,1.7158902143707269,0.7187218083070589,-2.701646849162021,0.42515916271699505,-1.1205972786422846,-0.7991987852902465,-0.45147972732760167
,21327,53.19671879499982,-27.81075122099958,,0.048202152861191214,3.6150618228167097,0.551772672396173,14121.536917825191,21327,296.383,623.0,3.5255,0.0677862,0,0.019872,0.000143374,0.0,1.24365,7.1853,,,0,-1.0,-1.0,0,0.01,6.79,-99.0,-99.0,-99.0,2.8563,296.383,41.9847,-126.12,-1.0728,0.968,472.86080946459447,,,,,,,,,,,,,,GS4,53.19671879499982,-27.81075122099958,0.1015239405479868,GS4,0.1015239405479868,-11.977368,-14.477404,0.551772672396173,1.4761118246962308e+38,-1.850880740745417,-4.322734030410581,0.7016375669974806,0.3871444353957487,1.0356955092960749e+38,-2.0047679068199784,-4.476621196485143,-4.476621196485143,21327,-4.32,-4.32,1.0,-4.32,1.0,-3.0310742894291165,2.079286011657417,0.7589602967986526,-4.724264736986585,0.586324824491816,-1.2729110395064658,-3.0310742894291165,-2.6877811819217916
,37724,53.19829450400001,-27.734838828,,0.013260674066904496,0.689966734036713,0.42113802576829706,15560.631048666133,37724,520.047,720.3,0.7173,0.0144747,1,0.02355,0.000160222,1.8,0.0397811,3.92358,,,0,-1.0,0.0,0,0.5917,6.95,-99.0,-99.0,-99.0,4.6427,520.047,62.5389,-0.0,-1.495,0.794,1068.583181417104,,,,,,,,,,,,,,GS3,53.19829450400001,-27.734838828,0.2137777729068746,GS3,0.2137777729068746,27.199154,24.322521,0.42113802576829706,5.7535190452271154e+38,-1.260066444971585,-3.9761090403722434,1.6264744173416075,0.6849702250818859,9.357951536749614e+38,-1.0488192082757877,-3.764861803676446,-3.764861803676446,37724,-3.98,-3.54,2.71,-3.57,2.53,-5.757719437389291,2.3752973582277317,0.7991987852902465,-3.940440173901627,0.7784721394538745,-1.3942431471834094,-5.757719437389291,-5.449833933524523
,16080,189.23962658,62.22134484399998,,0.35032613009162755,0.144200474818654,0.383409651104496,15277.600615426149,16080,0.00193873,0.009329,0.5618,0.410878,0,0.34383,0.0650157,0.1,0.10628,0.35732,-12.346416,-13.531272,-1,0.1538,-1.0,3,0.1538,7.04,0.0086456,0.0063618,0.0022838,0.13,0.00193873,0.000391905,-0.0333741,-0.4144,1.064,945.7967545884698,,,,,,,,,,,,,,GN2,189.23962658,62.22134484399998,0.1917005160238804,GN2,0.1917005160238804,,,0.383409651104496,4.103468545060232e+38,-1.4068488912913324,1.305633778059509,0.418961868861162,0.1606340239661457,1.7191968504514284e+38,-1.7846743931383102,0.9278082762125313,0.9278082762125313,16080,1.31,1.33,1.06,1.33,1.05,0.5572192855853455,2.398660883106536,0.7589602967986526,0.7927665642677475,0.6778041010440793,-1.2537415546757371,0.5572192855853455,0.8451880124011744
,16039,189.15472309,62.22108721700002,,0.2773608335754844,4.54298779918475,2.72319055534945,14780.952731101477,16039,0.00474679,0.005584,0.8437,0.216132,0,0.589758,0.0587449,0.2,0.16974,0.47152,-12.856109,-14.056145,-1,0.1569,-1.0,3,0.1569,7.06,-99.0,-99.0,0.0036134,0.14,0.00474679,0.000535323,-0.0397656,-1.7874,0.543,736.8615413782361,,,,,,,,,,,,,,GN7,189.15472309,62.22108721700002,0.152960431443173,GN7,0.152960431443173,,,2.72319055534945,1.769058692239379e+39,-0.7722577582192542,1.5513422230092098,0.3083766217424582,0.8397683038196322,5.455363431769109e+38,-1.2831763117751294,1.0404236694533346,1.0404236694533346,16039,1.55,1.6,1.12,1.6,1.11,0.4934025947879332,2.397634298457431,0.7187218083070589,0.9143901037930835,0.5616452360406652,-1.1287307887616835,0.4934025947879332,0.7769453711484424
,23274,189.3659305115426,62.25639609777537,,0.22321473551825768,0.11589411104566401,0.6781384136390359,15832.691938593567,23274,0.0921947,0.1172,0.754,0.178722,0,0.241674,0.0146821,0.4,0.14156,0.29332,-15.364265,-15.985396,-1,0.2568,-1.0,3,0.2568,7.07,0.061273,0.044338,0.016935,0.39,0.0921947,0.00897605,-0.53272,-1.6048,0.712,1189.075242899051,,,,,,,,,,,,,,GN4,189.3659305115426,62.25639609777537,0.2349993711851456,GN4,0.2349993711851456,,,0.6781384136390359,1.1471744061134537e+39,-0.9603705508391869,0.07492349369192919,0.6047651872061757,0.41011450467611055,6.937711444713363e+38,-1.1787837674191266,-0.14348972288801054,-0.14348972288801054,23274,0.07,0.17,1.25,0.16,1.23,0.10281008182504987,2.390736525938274,0.6828700398635561,-0.2650192154059954,0.5297368906419591,-1.0923964929076577,0.10281008182504987,0.3841398829578992
,22443,189.2412273699808,62.25200297902295,,0.20018740421408263,4.60743352306491,2.66293581982933,13871.359043141458,22443,0.0260216,0.03102,0.7461,0.316504,0,0.328494,0.0414448,0.4,0.83476,1.4572,-14.230776,-14.878007,0,0.1164,0.1164,1,0.0923,7.07,0.019815,0.0051866,0.014628,0.12,0.0260216,0.00259747,-0.0276628,-1.7346,0.595,376.8715199981058,,,,,,,,,,,,,,GN2,189.2412273699808,62.25200297902295,0.08200928573646311,GN2,0.08200928573646311,,,2.66293581982933,4.52522072224668e+38,-1.3643602327867512,0.22030577053696243,1.139095773776712,3.0333389382062133,5.154659800117993e+38,-1.3077999922246804,0.2768660110990333,0.2768660110990333,22443,0.22,0.32,1.25,0.31,1.23,0.36451064760854784,2.274937810057048,0.6470182714200534,0.15533651858104847,0.4956155700155931,-1.0582751722812918,0.36451064760854784,0.6458404487413971
,19237,189.1142449,62.236526478,,0.2323256239742151,0.583110989318059,0.6091608481534201,14058.629122753753,19237,0.0108886,0.01506,1.1094,0.407555,0,0.579384,0.0929263,0.8,0.609,1.43528,-13.518519,-14.546248,0,0.1055,0.1055,1,0.0708,7.08,-99.0,-99.0,0.0075531,0.11,0.0108886,0.00150867,-0.0225978,-1.514,0.781,448.50364328109526,,,,,,,,,,,,,,GN7,189.1142449,62.236526478,0.09661693625224288,GN7,0.09661693625224288,,,0.6091608481534201,1.466075588366793e+38,-1.8538436376319254,0.10918431836625087,0.28627766433519486,0.1743891448138074,4.197046951764921e+37,-2.397056172370988,-0.4340282163728115,-0.4340282163728115,19237,0.11,0.3,1.56,0.29,1.51,0.08588329930055845,1.617636034178902,0.6047350723623348,-0.5510536357485301,0.49579497000885164,-1.0540286218192305,0.08588329930055845,0.3650001252057479
,32018,189.28464262,62.30251591,,7.657522128300826,0.6314988777410541,0.957520365580326,15296.048895900016,32018,16.671,13.57,1.7738,0.587056,0,0.09198,0.0108504,0.6,0.16755,0.38872,-20.945027,-21.169625,-1,0.1702,-1.0,3,0.1702,7.09,0.011067,0.0064812,0.0045862,3.11,16.671,0.261376,-214.694,-1.7873,0.871,953.7191629946226,,,,,,,,,,,,,,GN4,189.28464262,62.30251591,0.1931395394617797,GN4,0.1931395394617797,,,0.957520365580326,1.0420329858319177e+39,-1.0021185331113145,-2.224080184616356,0.6580577870032249,0.6301037327843083,6.857179206409147e+38,-1.1838545004780983,-2.4058161519831396,-2.4058161519831396,32018,-2.22,-2.08,1.39,-2.09,1.36,-1.3687601969667078,1.594207053391261,0.6470182714200534,-2.518337498216592,0.5000415204709128,-1.053849221825972,-1.3687601969667078,-1.0918563462891782
,22600,53.19330134300001,-27.80557966300002,,0.02593543928720045,27.666599931603802,1.34763711224102,16279.244584431042,22600,615.429,654.8,0.5739,0.00688741,0,0.025512,0.00010498,2.1,0.409736,8.19954,,,0,-1.0,0.0,0,0.5923,7.09,-99.0,-99.0,-99.0,4.4321,615.429,30.6794,-0.0,-1.9461,0.376,1391.9258918102232,,,,,,,,,,,,,,GS4,53.19330134300001,-27.80557966300002,0.2698318708604558,GS4,0.2698318708604558,26.35356,23.624115,1.34763711224102,3.123903562647088e+39,-0.5253023815990545,-3.3144803386441195,1.0733314314328795,1.446461270733726,3.352983882554272e+39,-0.4945685341746895,-3.2837464912197545,-3.2837464912197545,22600,-3.31,-2.81,3.2,-2.84,2.95,-3.0160613223263915,1.7954204971867576,0.6828700398635561,-3.3962678374532067,0.5341628410972787,-1.087970542452338,-3.0160613223263915,-2.739157471648862
,23394,53.189082778,-27.800987006,,0.18628592848154907,1.0938814452265802,0.894599862280042,15234.642740812411,23394,0.0143421,0.02771,3.306,0.576363,0,0.251616,0.0265291,0.1,0.139318,0.384672,,,-1,0.1763,-1.0,3,0.1763,7.1,0.016501,0.011268,0.0052333,0.21,0.0143421,0.00245352,-0.106516,-1.1656,0.945,927.3931640131725,,,,,,,,,,,,,,GS4,53.189082778,-27.800987006,0.1883496677700789,GS4,0.1883496677700789,-13.84477,-14.820666,0.894599862280042,9.205535068130635e+38,-1.055950963229165,0.7874362904851537,1.9502623933776342,1.7447044685255766,1.7953208854294198e+39,-0.7658579168257873,1.0775293368885315,1.0775293368885315,23394,0.79,0.81,1.06,0.81,1.05,1.579712538635884,1.866335277473171,0.7187218083070589,0.9695120637973456,0.5704971369513046,-1.1198788878510442,1.579712538635884,1.8544034140857537
,29999,189.161247420001,62.29060521700278,,0.2003253635868185,0.6710723264570421,0.41805198520603004,15394.515138847693,29999,0.000903032,0.001064,0.6608,0.193778,0,0.214044,0.0151957,0.6,0.19412,0.4257,-11.388936,-12.281154,-1,0.2114,-1.0,3,0.2114,7.12,-99.0,-99.0,0.012308,0.07,0.000903032,0.000112146,-0.00812888,-1.8035,0.526,996.1963147812755,,,,,,,,,,,,,,GN5,189.161247420001,62.29060521700278,0.2008202136386656,GN5,0.2008202136386656,,,0.41805198520603004,4.9637806408035355e+38,-1.3241874190737022,1.7201094406048383,0.5119199984287932,0.21400917160982477,2.54105857784102e+38,-1.6149853232456266,1.4293115364329139,1.4293115364329139,29999,1.72,1.86,1.39,1.85,1.36,0.9521711970775554,1.5858439019921353,0.7589602967986526,1.330302409626261,0.695507902865358,-1.2360377528544584,0.9521711970775554,1.2224361220721054
,25348,189.351059857014,62.26606980719691,,0.43069251963213534,1.4901105390515499,1.38039403096964,13027.756413301928,25348,0.0353848,0.04219,1.2452,1.23018,0,0.483786,0.218139,0.4,0.95669,1.7625,-14.411753,-15.168284,0,0.1293,0.1293,1,0.142,7.16,-99.0,-99.0,0.021673,0.13,0.0353848,0.0035321,-0.0333741,-1.7346,0.595,70.97230160061896,,,,,,,,,,,,,,GN4,189.351059857014,62.26606980719691,0.01620564846348901,GN4,0.01620564846348901,,,1.38039403096964,8.319041306855412e+36,-3.099926719278052,-1.6487434645311319,0.3670629808652217,0.5066915477762752,3.053612100035256e+36,-3.535186132149825,-2.0840028774029045,-2.0840028774029045,25348,-1.65,-1.55,1.25,-1.56,1.23,-0.5689476203410937,1.6472789930115914,0.7187218083070589,-2.164995711640492,0.5837749883172636,-1.1066010364850851,-0.5689476203410937,-0.30753459625718294
,34819,53.13149268600193,-27.74853386399987,,0.4792117482076446,2.45681672629439,0.5608947086310759,15587.302724327863,34819,763.708,812.6,0.2,0.00219963,2,0.027942,8.0105e-05,1.0,1.0564,10.8636,,,0,-1.0,0.0,0,0.2081,7.17,-99.0,-99.0,-99.0,4.6958,763.708,38.0712,-0.0,-1.9461,0.376,1080.289903018861,,,,,,,,,,,,,,GS3,53.13149268600193,-27.74853386399987,0.2158582468274464,GS3,0.2158582468274464,25.708529,22.942365,0.5608947086310759,7.83167047944822e+38,-1.1261455939281007,-4.009072933879472,1.40453305923764,0.7877951610238098,1.0999840097440523e+39,-0.9786136280512281,-3.8615409680025996,-3.8615409680025996,34819,-4.01,-3.77,1.74,-3.79,1.67,-5.295089633325903,1.9741128304291304,0.7589602967986526,-3.938029729097921,0.7065727790036572,-1.224972876716159,-5.295089633325903,-5.035889584469652
,25934,53.18656355307373,-27.79023332502855,,0.007290539137053028,5.69937340665894,1.77882186860636,14447.608375710695,25934,0.0150246,0.02015,1.6633,0.114843,1,0.448194,0.0171014,0.3,0.852025,1.64007,,,0,0.12581,-1.0,2,0.1217,7.18,-99.0,-99.0,0.020723,0.11,0.0150246,0.0025022,-0.0225978,-1.5895,0.725,601.4462800050616,,,,,,,,,,,,,,GS4,53.18656355307373,-27.79023332502855,0.1269585316467,GS4,0.1269585316467,-14.103226,-15.046979,1.77882186860636,7.698720896080976e+38,-1.1335814246870868,0.6896156567083647,0.8940518119388563,1.5903589147439783,6.883055366752733e+38,-1.1822187370017687,0.6409783443936827,0.6409783443936827,25934,0.69,0.76,1.18,0.76,1.17,0.6794793770735308,1.9984855330481324,0.7187218083070589,0.5689936564406277,0.6794793770735308,-1.193453524330713,0.6794793770735308,0.9364664507021219
,27473,53.12233676099999,-27.784166645,,0.08226358674666973,0.547158496069669,0.564391308575397,14942.321311215213,27473,0.0357346,0.04892,0.9399,0.158411,0,0.17748,0.00705486,0.0,0.15824,0.425151,,,-1,0.1607,-1.0,3,0.1607,7.23,0.0081626,0.002531,0.0056316,0.31,0.0357346,0.00602158,-0.287809,-1.5579,0.749,803.8191774522243,,,,,,,,,,,,,,GS4,53.12233676099999,-27.784166645,0.1655476841821539,GS4,0.1655476841821539,-14.934097,-15.834882,0.564391308575397,4.363042797231043e+38,-1.3802105269833618,0.06670054788531554,0.4363736059014307,0.24628547046247307,1.903916718129975e+38,-1.740352052615222,-0.29344097774654476,-0.29344097774654476,27473,0.07,0.07,1.0,0.07,1.0,0.03054615241310015,2.1604855099635367,0.6991005926902949,-0.3429052999882678,0.6449050340613565,-1.1367494290419398,0.03054615241310015,0.2764683499033918
,32140,53.122056305,-27.76437329699999,,0.8443608697351354,0.841524777166514,0.7149373355772171,13800.60572488442,32140,0.00764073,0.01033,0.9596,0.183141,0,0.34182,0.0230645,0.0,0.117281,0.435976,,,-1,0.1845,-1.0,3,0.1845,7.27,-99.0,-99.0,0.0070689,0.2,0.00764073,0.00128758,-0.094367,-1.5782,0.734,350.1526216697953,,,,,,,,,,,,,,GS4,53.122056305,-27.76437329699999,0.07649030615323088,GS4,0.07649030615323088,-13.598174,-14.752458,0.7149373355772171,1.048757721488606e+38,-1.9993248286542595,0.1175403180283685,1.5596874465274266,1.1150787873535517,1.635734252654486e+38,-1.8062872519974675,0.3105778946851605,0.3105778946851605,32140,0.12,0.12,1.0,0.12,1.0,0.18716249358329118,1.8948557172285423,0.6794793770735308,0.27912986501250225,0.6081177158215219,-1.0822583089808269,0.18716249358329118,0.4242327901629437
,31334,189.34837938,62.29858130200001,,0.17360563001920323,5.08799806415217,2.41441968320521,14459.524539713046,31334,0.0425386,0.06022,0.8839,0.582857,0,0.432558,0.105006,0.0,0.43735,0.92043,-14.40575,-15.244697,0,0.1474,-1.0,2,0.1403,7.33,-99.0,-99.0,0.009858,0.17,0.0425386,0.00518339,-0.0633679,-1.4669,0.812,606.2186602256567,,,,,,,,,,,,,,GN3,189.34837938,62.29858130200001,0.1278880296188023,GN3,0.1278880296188023,,,2.41441968320521,1.0616070475489465e+39,-0.9940362070412689,0.37718060034641177,1.0294670721483872,2.4855655622067037,1.0928894990123073e+39,-0.9814237469205906,0.38979306046709006,0.38979306046709006,31334,0.38,0.38,1.0,0.38,1.0,0.39119748741638716,1.8395914191983274,0.6632488242467921,0.3853694696480301,0.5872742465611149,-1.0348591369885018,0.39119748741638716,0.6149899326300806
,23425,53.19650318799999,-27.80049741299999,,0.23262227384063822,0.49132111705097603,0.611324987505089,15346.841682140623,23425,0.0129313,0.02353,0.9059,0.186988,0,0.281988,0.0180124,0.2,0.0967948,0.289104,,,-1,0.24,-1.0,3,0.24,7.36,0.011125,0.0023897,0.0087355,0.24,0.0129313,0.00175405,-0.148928,-1.2008,0.935,975.5902752809279,,,,,,,,,,,,,,GS4,53.19650318799999,-27.80049741299999,0.1971015352683793,GS4,0.1971015352683793,-13.808731,-14.769878,0.611324987505089,6.961446695201245e+38,-1.1773004979678845,0.7110573147815429,1.331533706450203,0.8139998264582753,9.269400920316833e+38,-1.0529483333213108,0.8354094794281166,0.8354094794281166,23425,0.71,0.76,1.12,0.76,1.11,1.0119656169021543,1.67837117886676,0.6794793770735308,0.844498108035856,0.6280344928704606,-1.062341531931888,1.0119656169021543,1.229119136432868
,37494,53.12871072116392,-27.73636010302241,,0.1472583188310924,0.012779621092069602,0.5187918731596051,15117.60125931599,37494,0.0265578,0.03255,3.2557,0.358701,1,0.263646,0.0168117,0.2,0.190427,0.522598,,,-1,0.1827,-1.0,3,0.1827,7.36,0.056806,0.047953,0.0088531,0.25,0.0265578,0.00216178,-0.165181,-1.6514,0.673,877.5668061043367,,,,,,,,,,,,,,GS5,53.12871072116392,-27.73636010302241,0.1792200670293284,GS5,0.1792200670293284,-14.648919,-15.568543,0.5187918731596051,4.780198914133333e+38,-1.3405540311048156,0.23525387287664712,0.23170648157677093,0.1202074396004345,1.1076030716309353e+38,-1.9756158485291095,-0.3998079445476468,-0.3998079445476468,37494,0.24,0.28,1.12,0.28,1.11,0.06487781484149586,0.8603164300161515,0.6632488242467921,-0.3907193159399074,0.5939131722440947,-1.028220211305522,0.06487781484149586,0.28203133437220956
,32823,189.34227195,62.30797762699999,,0.45458612067276993,0.84309308635359,0.449982821023669,14545.179851725554,32823,0.0421498,0.04838,1.2769,0.94229,0,0.340188,0.103423,0.0,0.1035,0.37682,-15.173134,-16.12951,-1,0.2242,-1.0,3,0.2242,7.38,-99.0,-99.0,0.0070102,0.37,0.0421498,0.00508977,-0.46114,-1.8672,0.459,640.6734759470207,,,,,,,,,,,,,,GN3,189.34227195,62.30797762699999,0.1345694112110415,GN3,0.1345694112110415,,,0.449982821023669,2.2098451989114796e+38,-1.6756381478593312,-0.30043366610591793,0.21669237424762192,0.09750784585826155,4.788566028718368e+37,-2.339794519790331,-0.9645900380369179,-0.9645900380369179,32823,-0.3,-0.3,1.0,-0.3,1.0,-0.06500771227428657,1.0168590141751646,0.6470182714200534,-0.9464932631446463,0.5642178020730482,-0.9896729402238367,-0.06500771227428657,0.14771985680110766
,26910,189.27513561,62.273808635,,0.05398322361318743,0.627494359278757,0.683087619136882,15526.434459603712,26910,0.0795224,0.4436,0.7885,0.0641863,0,0.330894,0.00861056,0.5,0.40965,0.89234,-15.023362,-15.70693,0,0.20865,-1.0,2,0.2291,7.41,0.028773,0.0017021,0.027071,0.21,0.0795224,0.00949183,-0.106516,-0.236,1.105,1053.607591484785,,,,,,,,,,,,,,GN3,189.27513561,62.273808635,0.2111103322623799,GN3,0.2111103322623799,,,0.683087619136882,9.072492657132637e+38,-1.0622733746256827,0.037237146703522406,0.7412214512496966,0.5063191963873397,6.724726173772068e+38,-1.1923253951383401,-0.092814873809135,-0.092814873809135,26910,0.03,0.15,1.32,0.14,1.29,0.1111832176874545,0.8376581105318028,0.6079829458805736,-0.061205879490064063,0.5688231525216266,-0.9810004393064556,0.1111832176874545,0.317271861079869
,23108,53.18603599600002,-27.80216005499999,,0.04993784420406216,0.27544004465954897,0.602702969596589,15733.46581563687,23108,23.9126,33.63,0.2,0.0239284,2,0.291072,0.00853526,0.2,0.292665,0.656505,,,-1,0.216,-1.0,3,0.216,7.41,0.03174,0.015312,0.016427,2.81,23.9126,1.82341,-116.029,-1.4366,0.831,1144.8533557437854,,,,,,,,,,,,,,GS4,53.18603599600002,-27.80216005499999,0.2272594239966357,GS4,0.2272594239966357,-21.227825,-21.377774,0.602702969596589,9.45138563089401e+38,-1.0445045165978968,-2.423131315811289,0.6211997526477021,0.37439893563343657,5.871198416089404e+38,-1.251273242470802,-2.629900041684194,-2.629900041684194,23108,-2.42,-2.38,1.12,-2.38,1.11,-1.478455411301531,1.2580579343687328,0.6470182714200534,-2.598291047365123,0.5708567277560279,-0.9830340145408569,-1.478455411301531,-1.2723667679091164
,15908,189.14276992,62.220615819,,0.00895553007335999,0.8545439943544569,0.6221224155021,13043.623783335785,15908,0.067838,0.06715,4.7603,0.256906,1,1.10655,0.0425268,0.0,0.1272,0.33513,-16.029219,-16.665231,-1,0.2472,-1.0,3,0.2472,7.42,0.040244,0.025565,0.014679,0.48,0.067838,0.000970215,-0.943538,-2.2428,0.0,76.46526645363585,,,,,,,,,,,,,,GN7,189.14276992,62.220615819,0.01744335283430463,GN7,0.01744335283430463,,,0.6221224155021,4.3520782083848806e+36,-3.3813033088142888,-2.212776344381231,0.12088329456179774,0.07520420720663748,5.2609355202017054e+35,-4.298937021029722,-3.1304100565966646,-3.1304100565966646,15908,-2.21,-2.21,1.0,-2.21,1.0,-0.267152080981573,1.423362142730471,0.6079829458805736,-3.0942969891353274,0.5710361277492862,-0.978787464078796,-0.267152080981573,-0.06327641281681812
,40188,53.178022096,-27.72296415500001,,0.12894950021023285,2.27920678913115,0.961693582562975,15503.344785107272,40188,0.00316208,0.003951,0.6769,0.112382,0,0.432852,0.0223734,0.0,0.167093,0.478178,,,-1,0.1518,-1.0,3,0.1518,7.42,0.008957,0.0026557,0.0063012,0.11,0.00316208,0.000414409,-0.0225978,-1.6775,0.649,1043.5176511988507,,,,,,,,,,,,,,GS3,53.178022096,-27.72296415500001,0.2093092656089916,GS3,0.2093092656089916,-12.397073,-13.391714,0.961693582562975,1.2529355919612671e+39,-0.9220712536465214,1.577955893053605,0.8031298598929184,0.7723648322237209,1.0062699864267031e+39,-1.0172854806279261,1.4827416660722004,1.4827416660722004,40188,1.58,1.58,1.0,1.58,1.0,1.2689451786308112,1.5337738874728506,0.6470182714200534,1.5188547335335376,0.5730697029836875,-0.9808210393131973,1.2689451786308112,1.4728208467955661
,34903,189.22579457,62.323885732,,0.40194880566415153,1.76599933035758,0.73614487832391,14925.700962034454,34903,0.0389774,0.04905,0.6275,0.327278,0,0.244656,0.0266921,0.0,0.17117,0.56361,-15.019243,-15.906856,-1,0.1789,-1.0,3,0.1789,7.43,-99.0,-99.0,0.0080695,0.28,0.0389774,0.00481948,-0.220867,-1.654,0.67,781.8896183105886,,,,,,,,,,,,,,GN3,189.22579457,62.323885732,0.164251245088491,GN5,0.1614438605838996,,,0.73614487832391,5.384515327029329e+38,-1.2888533824811006,0.12033375152418202,1.0404171354962108,0.765897745615969,5.602142012583297e+38,-1.271645886140881,0.13754124786440158,0.13754124786440158,34903,0.14,0.14,1.0,0.14,1.0,0.14565839896946953,1.6363863454803003,0.6079829458805736,0.1781583884680047,0.5732491029769461,-0.9765744888511362,0.14565839896946953,0.34732109190656457
,20016,189.3234718517331,62.24049618322338,,0.27631926880635826,0.196271645065935,0.866485396589496,15630.924793452692,20016,0.00214274,0.002897,1.2097,0.125464,0,0.229272,0.00751122,0.1,0.12784,0.34931,-12.232769,-13.321766,-1,0.2539,-1.0,3,0.2539,7.44,-99.0,-99.0,0.013153,0.12,0.00214274,0.000361083,-0.0276628,-1.5782,0.734,1099.4863593684795,,,,,,,,,,,,,,GN4,189.3234718517331,62.24049618322338,0.219260904325483,GN4,0.219260904325483,,,0.866485396589496,1.2532374616343004e+39,-0.9219666317141346,1.7470638913250744,0.3062123134851518,0.26532849789076884,3.837567424732984e+38,-1.4359439810438204,1.2330865419953887,1.2330865419953887,20016,1.75,1.77,1.06,1.77,1.05,0.5419957948687187,1.6692019451449174,0.5689476203410937,1.2782077557412586,0.5734285029702049,-0.9723279383890748,0.5419957948687187,0.7414455125781537
,37608,53.17089271399998,-27.73565032400001,,0.09326119617956592,1.92071620732818,1.29856289506399,14870.099662402221,37608,0.0160059,0.01837,2.0969,0.206129,1,0.527202,0.0340905,0.0,0.525783,1.17766,,,0,0.1474,-1.0,2,0.1522,7.44,-99.0,-99.0,0.014553,0.14,0.0160059,0.00193278,-0.0397656,-1.8672,0.459,773.739955227925,,,,,,,,,,,,,,GS3,53.17089271399998,-27.73565032400001,0.1599141702341826,GS3,0.1599141702341826,-14.159971,-15.089936,1.29856289506399,9.301338857118669e+38,-1.0514545335526861,0.7442653672208659,1.6216868222621812,2.1058623348039003,1.5083858653984526e+39,-0.8414875458820532,0.9542323548914988,0.9542323548914988,37608,0.74,0.74,1.0,0.74,1.0,1.200048248474014,1.7033594842158524,0.6079829458805736,0.9993535686373687,0.5754620782046062,-0.9743615136234761,1.200048248474014,1.399497966183449
,20320,189.25127265,62.24228329600001,,0.021865680002202105,1.18360755926369,0.533724158335844,14204.853684631571,20320,0.58581,1.231,1.0971,0.758179,0,0.04347,0.0105602,0.0,0.4486,0.69525,-17.172864,-17.149811,-1,0.1025,0.4843,3,0.1025,7.46,-99.0,-99.0,0.009295,0.48,0.58581,0.0829842,-0.943538,-1.0728,0.968,505.3458903785165,,,,,,,,,,,,,,GN4,189.25127265,62.24228329600001,0.1080229083175951,GN4,0.1080229083175951,,,0.533724158335844,1.6307476700385925e+38,-1.807613233311443,-1.575370014292651,0.7206788560740336,0.3846437158885524,1.1752453653888086e+38,-1.9498714527881162,-1.7176282337693243,-1.7176282337693243,20320,-1.58,-1.58,1.0,-1.58,1.0,-1.1386725925969732,1.7644286286892115,0.6470182714200534,-1.6634988737389218,0.5819216038943269,-0.9719691384025579,-1.1386725925969732,-0.9436488253428577
,21260,53.153119714,-27.812084315,,0.01093173824710827,1.7992556067727798,0.961277899426799,15454.389354981346,21260,0.158663,0.2554,0.5492,0.0327522,0,0.325134,0.00446534,0.0,1.05439,1.70886,,,0,0.2128,0.2128,1,0.2202,7.46,0.11149,0.011607,0.099885,0.21,0.158663,0.0221784,-0.106516,-1.3277,0.887,1022.1825379237562,,,,,,,,,,,,,,GS4,53.153119714,-27.812084315,0.2054905893121175,GS4,0.2054905893121175,-16.078262,-16.4859,0.961277899426799,1.2017062003253538e+39,-0.9402016980353167,-0.1406773597031622,0.44324646868789985,0.4260830343486508,5.32652029694567e+38,-1.293556413740852,-0.4940320754086974,-0.4940320754086974,21260,-0.14,-0.14,1.0,-0.14,1.0,-0.06205450561630599,1.7310205409202246,0.6079829458805736,-0.43990271537829495,0.5798880286599256,-0.9699355631681567,-0.06205450561630599,0.13296926163780953
,33609,189.28693881,62.313735945,,0.07734520913021917,1.16134361717437,1.45099312513365,14947.145054377748,33609,0.000482994,0.001254,1.3486,0.569568,0,0.648756,0.149274,0.0,0.30565,0.84469,-10.40039,-11.69872,0,0.16883,-1.0,2,0.1847,7.5,-99.0,-99.0,0.0090381,0.04,0.000482994,1.11076e-05,-0.00241664,-0.8288,1.006,805.8346184232549,,,,,,,,,,,,,,GN3,189.28693881,62.313735945,0.1659239511995123,GN3,0.1659239511995123,,,1.45099312513365,1.1273262640374333e+39,-0.9679503748457279,2.3481078893987775,0.23126722860234,0.3355671587707076,2.6071362081456696e+38,-1.603836278804522,1.7122219854399834,1.7122219854399834,33609,2.35,2.35,1.0,2.35,1.0,0.543477987215499,1.840087051192274,0.5689476203410937,1.784367638039451,0.5867063543361639,-0.9590500870231158,0.543477987215499,0.7296498535589749
,27689,189.25178857,62.279172411,,0.10442632387769346,1.7394850750542,0.8697092024416689,14199.41817398432,27689,0.00363995,0.02798,1.4337,0.204505,0,0.35895,0.0245804,0.0,0.59078,1.82769,-12.755035,-14.108228,0,0.11349,-1.0,2,0.1132,7.5,-99.0,-99.0,0.0045372,0.08,0.00363995,0.000679598,-0.0109444,0.0331,1.194,503.2879737300313,,,,,,,,,,,,,,GN4,189.25178857,62.27917241099998,0.1075989215276381,GN3,0.1076127172138365,,,0.8697092024416689,2.6357219923810473e+38,-1.5991003996706326,0.8398041823048268,0.37452493004816756,0.32572777820671367,9.871435948229286e+37,-2.0256196680971,0.4132849138783592,0.4132849138783592,27689,0.84,0.84,1.0,0.84,1.0,0.31460094124046073,1.606723405015125,0.565699746822855,0.4854305664778269,0.5709900002854209,-0.9433337329723728,0.31460094124046073,0.5007728075839366
,33496,189.21458868,62.313230835,,0.049940962036257655,0.6811162242740489,1.36899280699204,14702.981204259098,33496,0.0533442,0.05605,0.5311,0.14828,0,0.666072,0.0449538,0.2,1.33075,2.26807,-15.130681,-15.82658,0,0.1452,-1.0,3,0.1452,7.51,-99.0,-99.0,0.03012,0.14,0.0533442,0.0024542,-0.0397656,-1.9728,0.348,772.7838225517353,,,,,,,,,,,,,,GN3,189.21458868,62.313230835,0.1468784090685725,GN5,0.1597345398985294,,,1.36899280699204,9.781594148741483e+38,-1.0295903605924934,0.24332243298399625,0.957205493607616,1.3104074355620914,9.362995655415459e+38,-1.048585178134772,0.22432761544171775,0.22432761544171775,33496,0.16,0.21,1.12,0.21,1.11,0.20101315365759934,1.095158444077977,0.5624518733046162,0.30097734118345176,0.5574866214623374,-0.92540440369397,0.20101315365759934,0.3849720447734156
,12088,189.25355121,62.20206570300001,,0.11942271724596482,1.71594168790195,1.00126223691001,15583.233942748375,12088,0.0249626,0.02821,1.2473,0.141899,0,0.465666,0.0232938,0.2,0.20164,0.58568,-14.569841,-15.510813,-1,0.2098,-1.0,3,0.2098,7.51,-99.0,-99.0,0.011232,0.25,0.0249626,0.00303951,-0.165181,-1.9119,0.412,1078.5025369575185,,,,,,,,,,,,,,GN2,189.25355121,62.20206570300001,0.2155408691691401,GN2,0.2155408691691401,,,1.00126223691001,1.393421823492811e+39,-0.8759173919152161,0.7267927904219007,0.7970833611459716,0.7980894691847648,1.1106733505637984e+39,-0.9744136484456831,0.6282965338914337,0.6282965338914337,12088,0.73,0.77,1.12,0.77,1.11,0.6137541880823981,1.0482522793941689,0.565699746822855,0.7049462596331677,0.5732029755130805,-0.9411207577447132,0.6137541880823981,0.7977130791982144
,23054,189.28490569,62.25501363699998,,0.017791017330326234,3.30370850916914,1.66325415014249,16448.64985297977,23054,0.131533,0.2426,8.0,0.112575,2,9.44444,0.103137,0.0,0.19543,0.53954,-15.858985,-16.59242,-1,0.235,-1.0,3,0.235,7.53,0.030036,0.01051,0.019526,0.38,0.131533,0.012042,-0.495991,-1.1609,0.947,1470.4864171578076,,,,,,,,,,,,,,GN4,189.28490569,62.25501363699998,0.283046010372837,GN4,0.283046010372837,,,1.66325415014249,4.3030171751592455e+39,-0.3862269204612545,0.4947383539378569,0.8087531629159057,1.3451620546607455,3.480078750491506e+39,-0.4784109283186666,0.4025543460804448,0.4025543460804448,23054,0.49,0.49,1.0,0.49,1.0,0.3962890498287938,1.085864138037014,0.5624518733046162,0.4882122181067119,0.5619125719176573,-0.9209784532386501,0.3962890498287938,0.5758219904892903
,20818,53.20293934499754,-27.8144156299958,,0.14204441713008012,1.31412241680631,0.789881004003454,15360.518172036464,20818,0.0144077,0.01814,1.1516,0.14105,0,0.209328,0.00769916,0.1,0.188576,0.609287,,,-1,0.2068,-1.0,3,0.2068,7.54,-99.0,-99.0,0.008278,0.21,0.0144077,0.0019935,-0.106516,-1.6712,0.655,981.4939849672211,,,,,,,,,,,,,,GS4,53.20293934499754,-27.8144156299958,0.1981683441526102,GS4,0.1981683441526102,-14.08038,-15.144655,0.789881004003454,9.103939930176692e+38,-1.0607706165112702,0.7806347265493383,0.4274482043711412,0.3376332168281506,3.89146277585676e+38,-1.4298871194789484,0.4115182235816601,0.4115182235816601,20818,0.78,0.8,1.06,0.8,1.05,0.341958563496913,1.0583762277683955,0.5598355794449809,0.5016801687501935,0.5582277176357278,-0.9128676485014009,0.341958563496913,0.5192785289297496
,35536,189.31465882,62.330221497,,0.20452288163203472,2.51037311928917,1.2080836938252901,14216.458678187768,35536,0.0734123,0.1357,3.121,2.60711,0,1.96949,1.27115,0.1,0.9045,1.95384,-14.91623,-15.917236,0,0.1578,0.1578,1,0.0735,7.56,0.025213,0.00064343,0.02457,0.16,0.0734123,0.00589591,-0.054728,-1.1523,0.949,509.89098357763925,,,,,,,,,,,,,,GN3,189.31465882,62.330221497,0.1089281340240069,GN3,0.1089281340240069,,,1.2080836938252901,3.757890458752421e+38,-1.4450558835896032,-0.3108247142767864,2.1897692521979835,2.645424526820383,8.228912979704225e+38,-1.1046575302914476,0.029573639021369225,0.029573639021369225,35536,-0.31,-0.29,1.06,-0.29,1.05,-0.6350330831374151,0.8443715408571254,0.5624518733046162,0.12874373047443477,0.5567558385814578,-0.902543868536492,-0.6350330831374151,-0.462139068159898
,31639,189.20690214,62.30000853299998,,0.36862008506576865,0.490747682220037,0.428839211018559,14807.121178500014,31639,0.0137864,0.01736,1.6663,0.237593,0,0.184062,0.0115947,0.0,0.06542,0.27591,-14.023539,-15.163229,-1,0.2413,-1.0,3,0.2413,7.59,0.011883,0.0083835,0.0034998,0.29,0.0137864,0.00190753,-0.241874,-1.6712,0.655,674.2620548039612,,,,,,,,,,,,,,GN5,189.20690214,62.30000853299998,0.1550016519890807,GN3,0.1410343981845591,,,0.428839211018559,2.332621944337708e+38,-1.6521556430289976,0.2083934819661346,0.6035609470342476,0.258830600327781,1.4078795097973347e+38,-1.8714345117203806,-0.010885386725248303,-0.010885386725248303,31639,0.3,0.3,1.0,0.3,1.0,0.18106828411027426,0.7950192843683814,0.5598355794449809,0.10179692415461661,0.5214900618556484,-0.8540002404447236,0.18106828411027426,0.34732337340481184
,33175,189.22739126,62.31041186499998,,0.16251694408213374,1.26588220579372,1.114123550685,15329.03882599685,33175,0.0655986,0.07133,0.9418,0.821708,0,0.39363,0.132633,0.0,0.16476,0.52816,-15.561363,-16.416371,-1,0.2236,-1.0,3,0.2236,7.6,0.018798,0.0054695,0.013328,0.36,0.0655986,0.00105596,-0.428124,-1.822,0.507,967.914666940759,,,,,,,,,,,,,,GN3,189.22739126,62.31041186499998,0.1957128569420319,GN3,0.1957128569420319,,,1.114123550685,1.2488202301273012e+39,-0.923500074582499,0.25960535462054013,0.6747073877670728,0.7517073905324524,8.425882352598662e+38,-1.094384609056064,0.08872082014697513,0.08872082014697513,33175,0.25,0.25,1.0,0.25,1.0,0.1686768469417682,0.683669651308135,0.5572192855853455,0.20590720416910635,0.4817983346745194,-0.8098825628082749,0.1686768469417682,0.33271896100864595
,35017,189.25201456,62.325148151,,0.01967565121301756,0.167858532640631,1.5347182634235599,15751.34771330953,35017,0.0539843,0.06733,0.9794,0.0386101,0,0.149778,0.00153131,0.5,0.494,1.18601,-15.445766,-16.191573,0,0.2244,0.2244,1,0.2456,7.6,0.066599,0.021342,0.045256,0.22,0.0539843,0.0063211,-0.119634,-1.663,0.662,1152.7994698033986,,,,,,,,,,,,,,GN3,189.25201456,62.325148151,0.2286542678088557,GN3,0.2286542678088557,,,1.5347182634235599,2.4402180017635954e+39,-0.6325713733605483,0.635161152274905,0.5390992574462568,0.8273654762008498,1.3155197127577426e+39,-0.9009026397274482,0.366829885908005,0.366829885908005,35017,0.64,0.76,1.32,0.75,1.29,0.40971543565915514,0.6834471735036417,0.5503486364004222,0.48401626993013624,0.4663730766188612,-0.7944573047526167,0.40971543565915514,0.5737575497260329
,36127,53.171538657,-27.743343628,,0.06778005214088946,0.137545136117058,0.833714517167334,15890.403052389434,36127,0.0209497,0.02508,1.3491,0.245212,0,0.203034,0.011774,0.0,0.111863,0.42059,,,-1,0.2547,-1.0,3,0.2547,7.61,0.039267,0.024055,0.015211,0.29,0.0209497,0.000586963,-0.241874,-1.6271,0.694,1214.9395120045283,,,,,,,,,,,,,,GS3,53.171538657,-27.743343628,0.2395010181271008,GS3,0.2395010181271008,-14.618715,-15.633381,0.833714517167334,1.4723772742314603e+39,-0.8519808943984515,0.826841297357823,0.6481352675804979,0.5403597816699957,9.542996386134518e+38,-1.0403152406372058,0.6385069511190686,0.6385069511190686,36127,0.83,0.83,1.0,0.83,1.0,0.5379522720918132,0.9152310675911733,0.5503486364004222,0.7601974082834662,0.46858605184652125,-0.7922443295249566,0.5379522720918132,0.6997814109310309
,27624,53.123760515,-27.78341839200001,,0.1162799452635172,0.251253871443885,0.45613453200628895,15271.134244341283,27624,0.0454239,0.04922,1.1832,0.125422,0,0.09465,0.00274995,0.0,0.252436,0.70562,,,-1,0.1947,-1.0,3,0.1947,7.62,-99.0,-99.0,0.015337,0.29,0.0454239,0.00356937,-0.241874,-1.9494,0.372,943.0225395066511,,,,,,,,,,,,,,GS4,53.123760515,-27.78341839200001,0.1911961189033761,GS4,0.1911961189033761,-15.406949,-16.231851,0.45613453200628895,4.8532149575679644e+38,-1.333970472579594,0.008745108330029394,0.38666248938408976,0.17637011363959845,1.8765561770093287e+38,-1.7466384299186473,-0.40392284900902387,-0.40392284900902387,27624,0.01,0.01,1.0,0.01,1.0,0.0038666248938408975,0.794720460640979,0.5427368910421089,-0.27772831870236003,0.43578979794812756,-0.7550221251712432,0.0038666248938408975,0.16348278850539874
,33739,189.31935597,62.31458624499999,,0.1754286921522383,0.0207472271454107,0.525840903042604,14917.235159233314,33739,0.140863,0.221,0.9684,0.114115,0,0.183246,0.00562262,0.5,0.48276,1.12061,-15.792991,-16.42384,0,0.2544,0.2544,1,0.2256,7.62,0.094256,0.027252,0.067004,0.25,0.140863,0.0178559,-0.165181,-1.347,0.878,793.3507148924674,,,,,,,,,,,,,,GN3,189.31935597,62.31458624499999,0.1635908860556408,GN3,0.1635908860556408,,,0.525840903042604,3.9598362689667515e+38,-1.422322770881138,-0.5711197043309735,0.813278395735516,0.427655046038604,3.2204492882005907e+38,-1.512083535206429,-0.6608804686562646,-0.6608804686562646,33739,-0.57,-0.45,1.32,-0.46,1.29,-0.3659752780809822,0.851828184915079,0.539974033480266,-0.5346859383496008,0.4151736064961038,-0.7344059337192195,-0.3659752780809822,-0.20635911446942434
,32713,189.22026019,62.30720147799998,,0.12745996190309206,0.986595855336468,0.526753500706962,16248.727358380931,32713,0.00400727,0.01928,1.0097,1.03958,0,0.320274,0.111452,0.0,0.13494,0.47839,-12.979484,-14.218308,-1,0.2806,-1.0,3,0.2806,7.64,-99.0,-99.0,0.019588,0.16,0.00400727,0.00081005,-0.054728,-0.4144,1.064,1478.2025420957848,,,,,,,,,,,,,,GN3,189.22026019,62.30720147799998,0.2674514320109931,GN5,0.2843360792737598,,,0.526753500706962,1.3771072012276916e+39,-0.8810322506730159,1.5161191442140507,1.7855231863044598,0.9405305889793234,2.4588568378188845e+39,-0.6292667564809804,1.7678846384060862,1.7678846384060862,32713,1.46,1.46,1.0,1.46,1.0,2.606863852004511,0.9841992536521676,0.539974033480266,1.9030873149972827,0.41959955695142326,-0.7299799832639,2.606863852004511,2.7620540651607497
,27629,53.15050986562146,-27.78386752930287,,0.13815597078864447,0.393347405285554,0.397195083773047,15768.815418378204,27629,0.0337565,0.03918,1.4832,0.050203,0,0.16107,0.00175028,0.0,0.205314,0.611598,,,-1,0.211,-1.0,3,0.211,7.64,-99.0,-99.0,0.014624,0.26,0.0337565,0.00342252,-0.182565,-1.803,0.527,1160.571428914228,,,,,,,,,,,,,,GS4,53.15050986562146,-27.78386752930287,0.2300168033056322,GS4,0.2300168033056322,-14.887073,-15.774182,0.397195083773047,6.400885275519579e+38,-1.2137599566903674,0.2578826322957417,1.5378040422558883,0.6108082053903579,9.843307250710205e+38,-1.0268589585389734,0.44478363044713576,0.44478363044713576,27629,0.26,0.26,1.0,0.26,1.0,0.399829050986531,0.9247926602694656,0.5156774334398732,0.5799863070383322,0.41959955695142326,-0.7299799832639,0.399829050986531,0.5550192641427694
,24641,189.3232745008023,62.26296473866948,,0.10668770524723223,1.8964846062565202,1.09126470278717,15607.441968043671,24641,0.0884277,0.1845,1.4091,2.23068,0,0.344256,0.246169,0.3,0.36498,0.88004,-15.309505,-16.059005,0,0.26681,-1.0,2,0.2612,7.65,0.074458,0.02961,0.044847,0.24,0.0884277,0.013257,-0.148928,-1.0839,0.966,1089.1447567972584,,,,,,,,,,,,,,GN4,189.3232745008023,62.26296473866948,0.2174291706742333,GN4,0.2174291706742333,,,1.09126470278717,1.5487943207275316e+39,-0.8300062525468022,0.22340541826865024,0.42737108908561494,0.46637498451084275,6.619099156189403e+38,-1.1992011129949915,-0.14578944217953915,-0.14578944217953915,24641,0.22,0.3,1.18,0.29,1.17,0.12821132672568447,0.9353877481159717,0.5156774334398732,-0.006082692446075955,0.4218125321790833,-0.72776700803624,0.12821132672568447,0.2811885646542628
,37614,189.34019404,62.357355156,,0.012746496554487067,0.815894649386853,0.498898702513766,16535.54026618731,37614,0.404491,0.5307,1.462,0.606676,0,0.251712,0.0439992,0.8,0.37972,0.89196,-17.067861,-17.716359,0,0.28467,-1.0,2,0.3464,7.65,-99.0,-99.0,0.05713,0.48,0.404491,0.0447635,-0.943538,-1.5662,0.743,1511.1166960756022,,,,,,,,,,,,,,GN1,189.34019404,62.357355156,0.2898237337119585,GN1,0.2898237337119585,,,0.498898702513766,1.3630155538549118e+39,-0.8854991882483674,-0.4924080511711433,0.4700261881514265,0.23449545541623792,6.406530051695297e+38,-1.213377132327949,-0.8202859952507249,-0.8202859952507249,37614,-0.49,-0.3,1.56,-0.31,1.51,-0.14100785644542793,1.0106233446405355,0.45155901522354414,-0.6805792455172617,0.4218125321790833,-0.72776700803624,-0.14100785644542793,0.011969381483150382
,14701,189.24295114,62.21421665399998,,0.1132048542076347,1.45851869918029,0.7626557826950751,15954.220370239049,14701,0.026513,0.08268,0.5666,0.179275,1,0.415062,0.0311122,0.4,0.38978,0.89418,-14.042141,-14.947703,0,0.28917,-1.0,2,0.2539,7.67,0.057363,0.0018819,0.055481,0.15,0.026513,0.00397435,-0.0468719,-0.7482,1.016,1243.6631008842799,,,,,,,,,,,,,,GN2,189.24295114,62.21421665399998,0.2444789680373674,GN2,0.2444789680373674,,,0.7626557826950751,1.411323246392213e+39,-0.8703735049936583,0.7061676231868292,0.27579059534014116,0.21033329234907608,3.892296783398892e+38,-1.429794052658977,0.14674707552151056,0.14674707552151056,14701,0.71,0.8,1.25,0.8,1.23,0.22063247627211294,1.0025912618578563,0.40477224332284306,0.29546197153950593,0.41583711946114255,-0.7129396944076598,0.22063247627211294,0.36918376374537154
,34312,189.1918718583721,62.3195276721834,,0.0027404221330914963,0.197887768005301,1.10035566764653,16661.25626029239,34312,0.11653,0.1149,6.8991,6.80444,0,0.370332,0.304523,0.6,0.47073,1.06761,-16.180274,-16.775275,0,0.28082,-1.0,2,0.266,7.68,0.1084,0.02465,0.083745,0.3,0.11653,0.000284644,-0.26417,-2.0451,0.275,1570.2997869676517,,,,,,,,,,,,,,GN5,189.1918718583721,62.3195276721834,0.2996299735017465,GN5,0.2996299735017465,,,1.10035566764653,3.2463149923536004e+39,-0.5086093425492493,0.42495291099675847,0.062164238300800215,0.06840277193921501,2.018046987841296e+38,-1.7150687259471695,-0.7815064724011618,-0.7815064724011618,34312,0.42,0.57,1.39,0.56,1.36,0.03543361583145612,1.0178542322133648,0.39805905040766243,-0.6282875032409001,0.3908105842906604,-0.6834872087818584,0.03543361583145612,0.18177192807705514
,25995,53.20545033099982,-27.79062415200023,,0.16267203689738052,11.386759941166801,3.24299683921707,12988.860971438722,25995,0.0736994,0.08066,0.6045,0.0142771,0,0.729432,0.00494972,0.5,3.53981,5.98056,,,0,0.12187,-1.0,2,0.1091,7.68,0.059452,0.002712,0.05674,0.12,0.0736994,0.00677145,-0.0276628,-1.9463,0.376,57.55078416348325,,,,,,,,,,,,,,GS4,53.20545033099982,-27.79062415200023,0.01317168263952588,GS4,0.01317168263952588,-15.882529,-16.572297,3.24299683921707,1.285113380992464e+37,-2.9110585543816043,-1.7785225065859769,0.4987717763073848,1.6175152940555322,6.409782837940002e+36,-3.2131566840353116,-2.080620636239684,-2.080620636239684,25995,-1.78,-1.66,1.32,-1.67,1.29,-0.8279611486702587,1.204565060530269,0.40477224332284306,-1.9274016670794225,0.41805009468880217,-0.7107267191800002,-0.8279611486702587,-0.6816228364246597
,30727,189.28095568,62.29455529600001,,0.8334943765046557,1.1783615741273399,0.541241347442439,15230.617367421964,30727,0.0217202,0.02117,0.6303,0.282175,0,0.120018,0.0130985,0.0,0.17961,0.46001,-14.806289,-15.481353,-1,0.2833,-1.0,3,0.2833,7.7,0.038764,0.0063821,0.032382,0.25,0.0217202,0.000638879,-0.165181,-2.115,0.211,886.4788430492117,,,,,,,,,,,,,,GN4,189.28095568,62.29455529599998,0.1880356760859567,GN3,0.1808592583596741,,,0.541241347442439,5.088855813912335e+38,-1.3133798541197024,0.34975632595352146,0.7662184259835434,0.41470909331455774,3.899175091793113e+38,-1.4290272624544258,0.23410891761879804,0.23410891761879804,30727,0.37,0.37,1.0,0.37,1.0,0.28350081761391105,1.0363049284073165,0.39805905040766243,0.3963360330635928,0.42247604514412207,-0.7063007687246803,0.28350081761391105,0.42541317940419016
,20623,53.15782802535228,-27.81475178251794,,0.02736311781752491,2.16950576858886,1.4342458447818198,16458.011224375427,20623,53.599,103.6,3.2794,0.160204,0,0.507954,0.0189798,0.9,0.678306,1.38291,,,0,0.2443,-1.0,3,0.2443,7.71,0.092574,0.023278,0.069296,2.57,53.599,7.03246,-66.215,-1.142,0.952,1474.8529576010974,,,,,,,,,,,,,,GS4,53.15782802535228,-27.81475178251794,0.2837762265503452,GS4,0.2837762265503452,-22.068922,-22.305793,1.4342458447818198,3.7326174014136326e+39,-0.44798652359376234,-2.1771432107019573,1.360972901840003,1.9519697293246798,5.079991136260403e+39,-0.31413704548705823,-2.043293732595253,-2.043293732595253,20623,-2.18,-1.96,1.65,-1.98,1.59,-2.6675068876064056,1.1025154578533607,0.39805905040766243,-1.8765625440081921,0.4246890203717819,-0.7040877934970204,-2.6675068876064056,-2.527807501043786
,47951,53.143486725,-27.685681664,,0.006331500541430469,1.74517793393376,0.326565377096318,16027.046190077603,47951,0.0317421,0.03739,0.2,0.00279578,2,0.035958,0.000123687,0.0,5.67101,12.3516,,,0,-1.0,-1.0,0,0.0618,7.72,-99.0,-99.0,-99.0,0.08,0.0317421,0.00394198,-0.0109444,-1.8035,0.526,1276.597847053989,,,,,,,,,,,,,,GS2,53.143486725,-27.685681664,0.2501596092104214,GS2,0.2501596092104214,-15.19545,-16.263697,0.326565377096318,6.367526819749951e+38,-1.2160292171307603,0.28233512736148203,0.909633608865602,0.2970548424986799,5.792116400597656e+38,-1.2571627189743637,0.2412016255178786,0.2412016255178786,47951,0.28,0.28,1.0,0.28,1.0,0.25469741048236855,1.1293297270261067,0.39374326862259046,0.41243688724720595,0.3996624852013,-0.6746353078712188,0.25469741048236855,0.39218382181732797
,24915,53.20528789899999,-27.79578458500001,,0.2038062581679049,1.1770190198531099,2.25994174817221,12995.061680776875,24915,0.0217372,0.03006,0.6982,0.0262438,0,1.28149,0.0197001,0.1,1.62866,3.49396,,,0,0.12468,-1.0,2,0.0906,7.75,-99.0,-99.0,0.025001,0.1,0.0217372,0.0030118,-0.0181454,-1.514,0.781,59.686314898412455,,,,,,,,,,,,,,GS4,53.20528789899999,-27.79578458500001,0.0136553573148887,GS4,0.0136553573148887,-14.442613,-15.47216,2.25994174817221,9.632504175389271e+36,-3.036260794061853,-1.3734643953178831,1.1829211037969547,2.67333278726469,1.1394492471480251e+37,-2.96330501420843,-1.30050861546446,-1.30050861546446,24915,-1.37,-1.35,1.06,-1.35,1.05,-1.596943490125889,1.1484240576431788,0.39374326862259046,-1.1157611343083338,0.4063014108842795,-0.6679963821882393,-1.596943490125889,-1.466096004473909
,32625,189.22503381,62.30658792700001,,0.06453648605330976,1.3922858218542198,1.8026139560129701,16770.7343263771,32625,0.124617,0.2299,1.0208,0.233541,0,0.477234,0.0444719,0.1,0.31318,0.81409,-15.763119,-16.505743,0,0.30735,-1.0,2,0.3093,7.92,-99.0,-99.0,0.053691,0.3,0.124617,0.0114088,-0.26417,-1.1609,0.947,1539.4759829870434,,,,,,,,,,,,,,GN3,189.22503381,62.30658792700001,0.3081696042415835,GN5,0.2945323608907899,,,1.8026139560129701,5.111413247350069e+39,-0.3114590058010407,0.59296370225637,0.5824970248370663,1.0500172663073295,2.977383009294183e+39,-0.546165294300657,0.3582574137567537,0.3582574137567537,32625,0.59,0.62,1.06,0.62,1.05,0.36114815539898115,2.0322802405099223,0.37858638274868467,0.6195741383314076,0.41679876147508055,-0.6032525750386057,0.36114815539898115,0.45437506218074375
,34682,53.15581561199998,-27.749144039,,0.10993337493545309,1.56574353321087,1.26657837485782,14153.899197811113,34682,0.00523458,0.03803,1.0794,0.0374852,0,0.638094,0.00975548,0.2,0.621609,2.21734,,,0,0.13769,-1.0,2,0.1224,7.93,0.012353,0.0020343,0.010319,0.09,0.00523458,0.000990412,-0.0142719,-0.0253,1.172,485.44833443409635,,,,,,,,,,,,,,GS3,53.15581561199998,-27.749144039,0.1040482993612412,GS3,0.1040482993612412,-13.041504,-14.517469,1.26657837485782,3.571170033469377e+38,-1.467189471330748,0.8139286871624796,0.3030956635249389,0.3838944129338698,1.0824061508547791e+38,-1.9856097484922017,0.2955084100010259,0.2955084100010259,34682,0.81,0.86,1.12,0.86,1.11,0.2606622706314474,1.917646145016783,0.37858638274868467,0.5613292077179461,0.4190117367027404,-0.6010395998109459,0.2606622706314474,0.3516762021855502
,22913,189.10082634,62.25403464199998,,0.25790330317351196,0.934448989395906,0.339918701644307,15583.853299958491,22913,0.0876307,0.1349,1.1587,0.0547821,0,0.219564,0.0034517,1.0,0.80212,2.38801,-15.915087,-16.849569,0,0.221,0.221,1,0.1715,7.93,0.088873,0.019002,0.069871,0.22,0.0876307,0.0117675,-0.119634,-1.3735,0.865,1078.7745782414377,,,,,,,,,,,,,,GN7,189.10082634,62.25403464199998,0.2155891809640009,GN7,0.2155891809640009,,,0.339918701644307,4.732917078066762e+38,-1.3448711044171802,-0.28752738529814903,0.48454350318353717,0.1647053984923321,2.2933042212836595e+38,-1.6595383295435084,-0.6021946104244773,-0.6021946104244773,22913,-0.29,-0.05,1.74,-0.06,1.67,-0.02422717515917686,1.9299497466359756,0.37858638274868467,-0.33637381270755706,0.39044200631781456,-0.5724698694260201,-0.02422717515917686,0.0667867563949259
,27535,53.17032351500001,-27.78526213799999,,0.006441936523782456,0.404378262357443,0.363114032402235,16365.260970187506,27535,0.173189,0.3047,0.9573,0.0212878,0,0.246612,0.00164711,0.0,0.451604,1.04433,,,0,0.27443,-1.0,2,0.2787,7.94,-99.0,-99.0,0.077279,0.31,0.173189,0.0192415,-0.287809,-1.218,0.929,1431.706778406437,,,,,,,,,,,,,,GS4,53.17032351500001,-27.78526213799999,0.2765414173313187,GS4,0.2765414173313187,-18.329894,-18.80492,0.363114032402235,8.905198896424258e+38,-1.070356376183348,-0.3088766807757062,0.5096086012205019,0.18504603413603898,4.538165953197123e+38,-1.3631196267322778,-0.6016399313246361,-0.6016399313246361,27535,-0.31,-0.31,1.0,-0.31,1.0,-0.1579786663783556,1.977571468336913,0.37858638274868467,-0.3313150604654491,0.3926549815454744,-0.5702568941983602,-0.1579786663783556,-0.06917771005191267
,29169,53.16792740997968,-27.7780665760014,,0.058551765186999484,0.0013757470809489599,0.488967577457047,15429.338863355757,29169,0.0538322,0.104,0.7633,0.0161211,0,0.38187,0.00253346,0.0,0.40821,1.15997,,,0,0.2467,-1.0,2,0.245,7.95,0.046883,0.001106,0.045777,0.23,0.0538322,0.00920914,-0.133758,-1.1656,0.945,1011.2958772863902,,,,,,,,,,,,,,GS4,53.16792740997968,-27.7780665760014,0.2035365728046612,GS4,0.2035365728046612,-15.330123,-16.232726,0.488967577457047,5.9831372512173196e+38,-1.2430710344699065,0.025886836720602435,0.8094946257478564,0.3958166261164282,4.8433174499722206e+38,-1.3348570646612998,-0.06589919347079087,-0.06589919347079087,29169,0.03,0.03,1.0,0.03,1.0,0.02428483877243569,1.5672822322657736,0.36356171673998167,0.20892975053066243,0.3716690840715378,-0.5448450462691039,0.02428483877243569,0.11087281987121876
,17713,53.12535519562859,-27.82998218555268,,0.044759799418523566,3.8322887259764298,2.38531316653425,15365.034954502979,17713,0.0401943,0.04543,0.9233,0.0797462,0,0.433116,0.0131348,0.0,0.592723,1.34523,,,0,0.24608,-1.0,2,0.2327,7.95,-99.0,-99.0,0.058974,0.21,0.0401943,0.00489415,-0.106516,-1.9119,0.412,983.4451032523335,,,,,,,,,,,,,,GS4,53.12535519562859,-27.82998218555268,0.1985206672779233,GS4,0.1985206672779233,-15.391201,-16.19759,2.38531316653425,2.7601842860983064e+39,-0.5790619209189387,0.8167736094310136,0.31611503501803634,0.7540333551679576,8.725357522561996e+38,-1.0792167687361598,0.31661876161379254,0.31661876161379254,17713,0.82,0.82,1.0,0.82,1.0,0.2592143287147898,1.447947505597488,0.3515533594479471,0.5914477056152458,0.35330613969368385,-0.52648210189125,0.2592143287147898,0.34580230981357285
,27549,53.14471326884141,-27.78544132748693,,0.0007064277381128936,5.94629698649478,0.44132892234342297,15982.098673225079,27549,0.830548,0.830548,0.8838,0.00590889,0,0.357846,0.000835027,0.2,1.91872,3.68439,,,0,0.24545,-1.0,2,0.2572,7.96,0.6115,0.34057,0.27093,0.27,0.413798,0.038054,0.563762,-1.785,0.545,1256.2511310718996,,,,,,,,,,,,,,GS4,53.14471326884141,-27.78544132748693,0.2466535626540622,GS4,0.2466535626540622,-17.124793,-17.651228,0.44132892234342297,8.333122198895609e+38,-1.0991922495295725,-0.7159806367992041,1.213175394421056,0.5354093894334018,1.010953881040404e+39,-1.0152686561464037,-0.6320570434160353,-0.6320570434160353,27549,-0.72,-0.67,1.12,-0.67,1.11,-0.8128275142621075,1.2227306952150772,0.3515533594479471,-0.3527240262723157,0.3555191149213437,-0.5242691266635902,-0.8128275142621075,-0.7284525083909843
,15255,189.27384778,62.21758860700001,,0.03107042700250588,3.4814966985861195,1.41728621638588,15056.963357975821,15255,0.0280394,0.03965,0.9219,0.127083,0,0.667722,0.0375666,0.0,2.23473,5.97949,-15.05852,-16.169363,0,0.109,0.109,1,0.0806,7.96,-99.0,-99.0,0.025528,0.11,0.0280394,0.00105303,-0.0225978,-1.3974,0.853,851.9349931680139,,,,,,,,,,,,,,GN4,189.27384778,62.21758860700001,0.1744901215269751,GN4,0.1744901215269751,,,1.41728621638588,1.2307303403844157e+39,-0.929837092894843,0.6223941909445265,0.5515467300273896,0.7816995781605235,6.788052947845208e+38,-1.1882547787781519,0.3639765050612176,0.3639765050612176,15255,-1.82,-1.82,1.0,-1.82,1.0,-1.0038150486498492,1.0489914635061817,0.3515533594479471,0.6433095222049372,0.3555191149213437,-0.5242691266635902,-1.0038150486498492,-0.9194400427787259
,24491,53.15178043698857,-27.79738718306406,,0.06174374122312129,0.7872781704313441,0.7344120002773279,12969.974817207474,24491,0.0335888,0.0475,0.7903,0.0052908,0,0.555024,0.00120319,0.2,1.25257,3.69843,,,0,0.12693,-1.0,2,0.1275,7.99,0.026575,0.0060692,0.020506,0.15,0.0335888,0.00126144,-0.0468719,-1.3974,0.853,51.056032756302784,,,,,,,,,,,,,,GS4,53.15178043698857,-27.79738718306406,0.01169850368233024,GS4,0.01169850368233024,-14.760539,-15.980251,0.7344120002773279,2.2904790548906555e+36,-3.660073675242188,-2.1862681636718966,0.35217891834984855,0.258644423880818,8.066584360543745e+35,-4.113310319971966,-2.639504808401674,-2.639504808401674,24491,-2.19,-2.14,1.12,-2.14,1.11,-0.753662885268676,1.5235239843953483,0.3515533594479471,-2.3466595718311556,0.3805209849821772,-0.5359931453584645,-0.753662885268676,-0.6759268050805323
,39972,53.188608791,-27.72393118199999,,0.1381936674032561,4.07080859382604,2.04091956054779,15988.890446088843,39972,0.00889087,0.04278,0.6903,0.0682868,1,0.461436,0.0116842,0.0,0.260339,0.931394,,,0,0.28082,-1.0,2,0.2486,7.99,0.058078,0.027559,0.030519,0.17,0.00889087,0.00179725,-0.0633679,-0.4144,1.064,1259.3215517931017,,,,,,,,,,,,,,GS3,53.188608791,-27.72393118199999,0.247183342128615,GS3,0.247183342128615,-13.849735,-15.116033,2.04091956054779,3.872501449166827e+39,-0.4320084110471214,1.6190473288024156,0.2559967921516898,0.5224688605398707,9.91347948589478e+38,-1.0237738877647615,1.0272818520847755,1.0272818520847755,39972,1.62,1.62,1.0,1.62,1.0,0.4147148032857375,1.5115388365184441,0.3515533594479471,1.320127088655294,0.3805209849821772,-0.5359931453584645,0.4147148032857375,0.4924508834738812
,16797,189.27242902,62.22464058399999,,0.07387404431264535,2.87808456070334,3.2317890621949497,16137.170870739918,16797,0.0152009,0.03254,1.2551,2.80685,0,0.675282,0.803082,0.2,0.36457,1.13727,-13.443202,-14.777993,0,0.26807,-1.0,2,0.2558,8.02,-99.0,-99.0,0.034295,0.13,0.0152009,0.00247208,-0.0333741,-1.0685,0.969,1326.7151026301267,,,,,,,,,,,,,,GN4,189.27242902,62.22464058399999,0.2587496779048298,GN4,0.2587496779048298,,,3.2317890621949497,6.805981775523222e+39,-0.187109218155328,1.6310214798563134,0.513078509053492,1.6581615136063677,3.4920029820306925e+39,-0.47692539409622015,1.3412053039154213,1.3412053039154213,16797,1.63,1.68,1.12,1.68,1.11,0.8619718952098664,1.3582359619804998,0.3515533594479471,1.6475627599127387,0.3871599106651567,-0.529354219675485,0.8619718952098664,0.9330690497150306
,38727,53.177301217,-27.730087614,,0.04364668682730262,2.00616588853833,1.20052785793792,15266.22027966353,38727,0.0396817,0.05142,1.0206,0.0557097,0,0.503904,0.0102188,0.1,0.438501,1.26476,,,0,0.24857,-1.0,2,0.2042,8.02,0.068079,0.021714,0.046366,0.2,0.0396817,0.0060676,-0.094367,-1.6345,0.687,940.915277464524,,,,,,,,,,,,,,GS3,53.177301217,-27.730087614,0.1908128143263283,GS3,0.1908128143263283,-14.910141,-15.893501,1.20052785793792,1.2716444837220387e+39,-0.9156342883248101,0.4857754422251992,1.3093481973225736,1.571908986626546,1.6650254123966464e+39,-0.7985791337015584,0.6028305968484509,0.6028305968484509,38727,0.49,0.51,1.06,0.51,1.05,0.6677675806345126,1.3251362549174812,0.36356171673998167,0.9091880528457683,0.40619782131172544,-0.5483921303220538,0.6677675806345126,0.7388647351396768
,30413,189.1439077601632,62.29326483598514,,0.03489806541229811,0.737501491155746,0.586886518789029,16457.494154221476,30413,0.214415,0.4312,1.1852,0.290766,0,0.355938,0.0386507,0.0,0.40707,1.13623,-16.340275,-17.119454,0,0.27507,-1.0,2,0.2794,8.08,-99.0,-99.0,0.059781,0.33,0.214415,0.0359163,-0.339298,-1.1269,0.956,1474.6117054946405,,,,,,,,,,,,,,GN5,189.1439077601632,62.29326483598514,0.2837358934650138,GN5,0.2837358934650138,,,0.586886518789029,1.5268694889356672e+39,-0.836198083216928,-0.16745324758353775,0.18321002131761988,0.10752349161836172,2.7973779161712695e+38,-1.5732488579685509,-0.9045040223351606,-0.9045040223351606,30413,-0.17,-0.17,1.0,-0.17,1.0,-0.03114570362399538,1.3859442988183135,0.36356171673998167,-0.5711221274842448,0.4194756726776845,-0.5351142789560948,-0.03114570362399538,0.026673599515209756
,26767,189.26841052,62.273275856,,0.11603389731895172,5.81082686501297,1.5231244646565598,16452.99613097103,26767,0.0461198,0.04622,1.896,0.161077,0,0.161532,0.0053729,0.0,0.24099,0.79667,-15.632825,-16.526582,0,0.28467,-1.0,2,0.2954,8.09,0.096252,0.051188,0.045063,0.31,0.0461198,0.000375025,-0.287809,-2.2202,0.0,1472.5133781084755,,,,,,,,,,,,,,GN3,189.26841052,62.273275856,0.2833850336170852,GN3,0.2833850336170852,,,1.5231244646565598,3.951357472568155e+39,-0.4232536786604868,0.9128589060447945,1.6271948157387426,2.4784202326140017,6.429628394493443e+39,-0.21181412674678768,1.1242984579584936,1.1242984579584936,26767,0.91,0.91,1.0,0.91,1.0,1.4807472823222558,1.3204518636809557,0.36356171673998167,1.4621844259516756,0.4216886479053443,-0.5329013037284349,1.4807472823222558,1.5363536102338011
,36009,53.13949235500003,-27.74177221500002,,0.027368189435656016,3.1813478898402,2.12191872538144,14688.45273157759,36009,0.0859346,0.3369,1.3619,0.0330928,0,0.858078,0.0123441,0.1,2.29224,5.77815,,,0,0.1497,-1.0,2,0.1495,8.18,0.070451,0.0045967,0.065854,0.15,0.0859346,0.0104449,-0.0468719,-0.545,1.042,698.8901577802773,,,,,,,,,,,,,,GS3,53.13949235500003,-27.74177221500002,0.1457451428687669,GS3,0.1457451428687669,-15.810263,-16.87258,2.12191872538144,1.2400495056217049e+39,-0.9265609764594132,0.13927096374221182,1.0838779305912725,2.299900876949306,1.3440622919839843e+39,-0.8915806029801132,0.17425133722151176,0.17425133722151176,36009,0.14,0.16,1.06,0.16,1.05,0.1734204688946036,0.7914194166207823,0.3515533594479471,0.5526739634950906,0.42256751430771416,-0.4939466160329276,0.1734204688946036,0.20911001975721033
,22761,189.30000065,62.25340543199998,,0.006318264063365615,35.9168398147168,2.9746494211503096,16651.90970210067,22761,0.709117,1.671,0.6934,0.485387,0,0.792024,0.169945,0.1,1.4743,2.96283,-17.413585,-17.905412,0,0.30278,-1.0,2,0.2759,8.19,0.38254,0.012103,0.37044,0.3,0.709117,0.0957912,-0.26417,-0.9712,0.987,1565.8836385487366,,,,,,,,,,,,,,GN4,189.30000065,62.25340543199998,0.2989009128003644,GN4,0.2989009128003644,,,2.9746494211503096,8.72664262245275e+39,-0.07915280909971045,0.07012929385223166,0.3821869441099611,1.1368721720679016,3.335208876214954e+39,-0.49687696206320453,-0.3475948591112624,-0.3475948591112624,22761,0.07,0.09,1.06,0.09,1.05,0.0343968249698965,0.805075809637558,0.3515533594479471,0.035331840304582696,0.424780489535374,-0.49173364080526777,0.0343968249698965,0.06787340060484338
,30243,189.21445465,62.29254371200002,,0.005039606202921825,5.921045980724,0.760087803944843,15568.545426174995,30243,0.125516,0.1163,1.6556,1.67093,0,0.16794,0.0709509,0.1,1.25772,2.94513,-16.277786,-16.968648,0,0.2123,0.2123,1,0.2241,8.27,0.13429,0.030605,0.10369,0.21,0.125516,0.00352616,-0.106516,-2.1323,0.197,1065.6859905222038,,,,,,,,,,,,,,GN3,189.21445465,62.29254371200002,0.2143951190464114,GN5,0.2132622579193781,,,0.760087803944843,1.0327963785808596e+39,-1.0059852935583606,-0.10468438406706959,0.6085741400833992,0.4625697816736121,6.285331679760953e+38,-1.2216717994594646,-0.32037088996817353,-0.32037088996817353,30243,-0.1,-0.08,1.06,-0.08,1.05,-0.04868593120667193,0.7348325511872635,0.3515533594479471,0.09858839458580249,0.44248429135665274,-0.47402983898398904,-0.04868593120667193,-0.03291315739300378
,20344,189.14604922,62.241581175,,0.056529262775349726,5.02699806981731,3.30420519486111,16525.881028276915,20344,0.29271,0.3957,1.1664,0.650855,0,0.70755,0.19436,0.2,0.73217,1.99384,-16.663724,-17.431258,0,0.2965,0.2965,1,0.2892,8.29,0.12886,0.013359,0.1155,0.3,0.29271,0.0335284,-0.26417,-1.5244,0.774,1506.5888500467886,,,,,,,,,,,,,,GN2,189.14604922,62.241581175,0.2890702830169201,GN2,0.2890702830169201,,,3.30420519486111,8.973232834134677e+39,-0.06705106318984377,0.46651137710054236,1.3656117597718251,4.512261470801487,1.225395228146498e+40,0.06827618479821496,0.6018386250886011,0.6018386250886011,20344,0.47,0.51,1.12,0.51,1.11,0.6964619974836308,0.7485995784207962,0.36356171673998167,1.0298060559271094,0.46594815245854093,-0.4886417991752383,0.6964619974836308,0.7078088208419795
,33722,189.17104279,62.31535816900001,,0.018676586304510006,0.712938813178956,0.9621000903592619,16668.330234252902,33722,0.110892,0.1311,1.7079,0.0116073,0,0.336588,0.00122156,0.0,0.41988,1.40308,-16.095944,-17.028941,0,0.28531,-1.0,2,0.2569,8.3,-99.0,-99.0,0.057128,0.3,0.110892,0.00456779,-0.26417,-1.6676,0.658,1109.1612342120127,,,,,,,,,,,,,,GN5,189.1710427921483,62.31535816239312,0.300181765542348,GN3,0.2209716855883549,,,0.9621000903592619,1.4161264983042952e+39,-0.8688979506986882,0.08620183300946604,0.4754497849601664,0.4574302810714677,6.7329703909517055e+38,-1.1917932953901555,-0.23669351168200126,-0.23669351168200126,33722,0.03,0.03,1.0,0.03,1.0,0.014263493548804991,0.7473799888446419,0.3515533594479471,0.19577799229877413,0.4491232170396325,-0.4673909133010093,0.014263493548804991,0.023397341679493394
,36521,189.31417898,62.340441925,,0.050073920603417206,1.4895666927475102,0.969983286152322,15687.37179437843,36521,0.565271,0.7642,1.5333,0.783321,0,0.428712,0.11156,0.6,2.2321,5.38956,-17.437104,-18.136792,0,0.2547,0.2547,1,0.2447,8.33,0.30231,0.034557,0.26775,0.25,0.565271,0.0647488,-0.165181,-1.5244,0.774,1124.4181126859012,,,,,,,,,,,,,,GN1,189.31417898,62.340441925,0.2236639465193783,GN1,0.2236639465193783,,,0.969983286152322,1.4672777969897622e+39,-0.8534876542015652,-0.6057443596987662,1.2922479532023214,1.2534589161707999,1.8960867299392322e+39,-0.7421418012423899,-0.49439850673959085,-0.49439850673959085,36521,-0.61,-0.46,1.39,-0.47,1.36,-0.5944340584730679,0.5354969141155339,0.36356171673998167,-0.04841478333201654,0.4748000533691805,-0.4797898982645987,-0.5944340584730679,-0.5919391360253587
,32290,189.36643835,62.30439160299998,,0.0928092703802391,26.097642430853,3.1318110372425396,15961.740145305688,32290,0.00261987,0.01903,1.3877,0.708719,0,0.5544,0.148212,0.1,0.38135,1.48595,-12.458456,-13.80936,0,0.2866,-1.0,2,0.2591,8.33,-99.0,-99.0,0.050833,0.08,0.00261987,0.000495694,-0.0109444,-0.0253,1.172,1247.0561368125173,,,,,,,,,,,,,,GN3,189.36643835,62.30439160299998,0.245065533955202,GN3,0.245065533955202,,,3.1318110372425396,5.827200847617109e+39,-0.25454001271325666,2.32718024546447,0.4268728030002783,1.3368849559349318,2.4874735594679125e+39,-0.6242415268790111,1.9574787312987154,1.9574787312987154,32290,2.33,2.35,1.06,2.35,1.05,1.0031510870506541,0.8708880297101513,0.36356171673998167,2.4034624547062897,0.4748000533691805,-0.4797898982645987,1.0031510870506541,1.0056460094983632
,24005,189.2070535600233,62.25952191200454,,0.059728365883956636,0.469438089007429,1.02383140292745,15617.10922708571,24005,0.135649,0.2946,0.8822,0.248762,0,0.576792,0.0553167,0.1,0.65646,2.50087,-16.132766,-17.229226,0,0.2542,0.2542,1,0.2354,8.36,-99.0,-99.0,0.056977,0.25,0.135649,0.0146142,-0.165181,-1.0254,0.977,1093.399954194949,,,,,,,,,,,,,,GN2,189.2070535600233,62.25952191200454,0.2181832470425671,GN2,0.2181832470425671,,,1.02383140292745,1.4644649368556264e+39,-0.8543210220106658,0.013262381484662189,0.4411525506706286,0.45166583485813266,6.460524422615607e+38,-1.2097322274222364,-0.3421488239269084,-0.3421488239269084,24005,0.01,0.04,1.06,0.04,1.05,0.017646102026825143,0.8706727069428726,0.36356171673998167,0.11734711890746441,0.48143897905216004,-0.4731509725816192,0.017646102026825143,0.013502098791554722
,38240,53.09738479929908,-27.7324595257557,,0.011342678735626445,0.921079819228911,1.39931093616435,16665.6347405211,38240,0.208539,0.5846,0.8524,0.0435368,0,0.373458,0.00613332,0.0,0.560756,1.79073,,,0,0.29953,-1.0,2,0.2899,8.38,0.14745,0.028804,0.11865,0.3,0.208539,0.0291246,-0.26417,-0.8297,1.006,1572.369457045707,,,,,,,,,,,,,,GS5,53.09738479929908,-27.7324595257557,0.2999715086209908,GS5,0.2999715086209908,-16.381711,-17.260789,1.39931093616435,4.1391947049580966e+39,-0.4030841441959936,0.27772856915173405,3.0066298576429875,4.2072100407980955,1.2445026386524768e+40,0.07499582175697839,0.755808535104706,0.755808535104706,38240,0.28,0.28,1.0,0.28,1.0,0.8418563601400366,0.904191688445424,0.36356171673998167,1.2243126242236122,0.48586492950747995,-0.4687250221262993,0.8418563601400366,0.8332864064494463
,42593,53.155797828,-27.71195152799999,,0.021750392345742966,1.14762184696477,0.7162030943778931,15930.130591194622,42593,0.130418,0.2694,1.6648,0.0441981,0,0.222708,0.00252128,0.1,0.696288,2.56394,,,0,0.25358,-1.0,2,0.2446,8.42,0.07765,0.0056813,0.071969,0.24,0.130418,0.0230464,-0.148928,-1.108,0.96,1232.8054151525455,,,,,,,,,,,,,,GS2,53.155797828,-27.71195152799999,0.242599890108785,GS2,0.242599890108785,-16.03573,-17.124577,0.7162030943778931,1.3023199365055779e+39,-0.9052823110134085,-0.020619846896934746,0.6385039790949542,0.45729852560040374,8.315364615134995e+38,-1.1001187029243908,-0.2154562388079171,-0.2154562388079171,42593,0.02,0.04,1.06,0.04,1.05,0.025540159163798166,0.8186584926320991,0.3515533594479471,0.271064142880054,0.47567891977155036,-0.4408352105690914,0.025540159163798166,0.008118304562568696
,29861,53.16195966200001,-27.773905269,,0.00787147659266015,9.67728743517367,1.34691387875065,16307.922122791246,29861,0.362229,0.4331,1.1702,0.00992508,0,0.533622,0.00213557,0.1,1.50416,3.50962,,,0,0.27698,-1.0,2,0.2714,8.42,0.24978,0.021468,0.22831,0.28,0.362229,0.0402319,-0.220867,-1.7452,0.585,1405.1636793851926,,,,,,,,,,,,,,GS4,53.16195966200001,-27.773905269,0.2720688083300505,GS4,0.2720688083300505,-17.201907,-17.875834,1.34691387875065,3.181896789440878e+39,-0.5173139115855037,-0.07629712850722975,1.137644284731275,1.5323088761859107,3.619866697112208e+39,-0.46130742222223375,-0.020290639143959843,-0.020290639143959843,29861,-0.08,-0.05,1.06,-0.05,1.05,-0.056882214236563755,0.7378923838709887,0.3282797523686869,0.4662297425440112,0.4573159753936964,-0.42247226619123746,-0.056882214236563755,-0.07430406883779322
,21946,53.13102735300115,-27.80842367900077,,0.031437511209159746,0.24122587911319698,0.715898155042841,16104.327418775396,21946,0.13453,0.2071,2.0671,0.0811718,0,0.196932,0.00347804,0.0,0.38878,1.68331,,,0,0.26998,-1.0,2,0.2715,8.44,0.089001,0.032446,0.056556,0.32,0.13453,0.0180653,-0.31283,-1.3735,0.865,1311.7287588667348,,,,,,,,,,,,,,GS4,53.13102735300115,-27.80842367900077,0.2561877861759279,GS4,0.2561877861759279,-15.712289,-16.866106,0.715898155042841,1.4737769266547117e+39,-0.8515682470430974,0.01961261076239207,1.230773274971636,0.8811083168282295,1.8138852545964523e+39,-0.7613901896418369,0.10979066816365257,0.10979066816365257,21946,0.02,0.02,1.0,0.02,1.0,0.02461546549943272,0.7279538307884761,0.3282797523686869,0.6053191961361563,0.4617419258490161,-0.4180463157359178,0.02461546549943272,0.0027676604428835683
,15930,189.09044473,62.220474693,,0.017258280733643255,2.49059371450748,0.751345392662771,15852.737589209017,15930,0.141674,0.1768,1.0267,0.179617,0,0.688254,0.0531946,0.1,0.70591,2.26876,-16.343982,-17.271641,0,0.2665,0.2665,1,0.2573,8.46,0.13652,0.054341,0.082177,0.27,0.141674,0.0219148,-0.201113,-1.7124,0.617,1198.0470761792312,,,,,,,,,,,,,,GN7,189.09044473,62.220474693,0.2365629944780824,GN7,0.2365629944780824,,,0.751345392662771,1.2902676955864202e+39,-0.9093201760147736,-0.06061033188970033,0.16578324054692106,0.12456047396563302,2.13904759747325e+38,-1.6897795515247864,-0.8410697073997132,-0.8410697073997132,15930,-0.06,-0.04,1.06,-0.04,1.05,-0.006631329621876843,0.8158924185199279,0.2990508794271859,-0.33653303314267646,0.4350722561226281,-0.38252474509889,-0.006631329621876843,-0.0329050851337459
,35205,53.13105249200283,-27.74305030300048,,0.07178957840676123,20.5822363978068,1.44732992947472,15780.578367049424,35205,0.971894,4.72,0.2185,0.000436279,0,0.019926,1.47865e-05,1.3,14.4832,156.524,,,-1,-1.0,0.0,0,0.2324,8.48,-99.0,-99.0,-99.0,0.2729,0.971894,0.194628,-0.206841,-0.4053,1.066,1165.810657281555,,,,,,,,,,,,,,GS3,53.13105249200283,-27.74305030300048,0.2309343500038553,GS3,0.2309343500038553,22.705815,20.004543,1.44732992947472,2.3535098183033815e+39,-0.6482839855765974,-0.6359028865878361,1.0245461232586033,1.482856268319472,2.4112793603937885e+39,-0.6377524712280476,-0.6253713722392863,-0.6253713722392863,35205,-0.64,-0.32,2.05,-0.34,1.95,-0.32785475944275305,0.4982929655623891,0.30567778852833205,-0.11182655169771694,0.41927763926256056,-0.3578782273281831,-0.32785475944275305,-0.3585544654099418
,36971,53.170712538,-27.738578971,,0.009221923186823038,13.1465323554454,0.9294052886560291,16354.980628994046,36971,0.29445,0.5089,1.0843,0.0268605,0,0.31803,0.0029427,0.1,0.930843,3.10226,,,0,0.27379,-1.0,2,0.2787,8.49,-99.0,-99.0,0.14381,0.29,0.29445,0.0497099,-0.241874,-1.2726,0.91,1426.9404979915448,,,,,,,,,,,,,,GS3,53.170712538,-27.738578971,0.2757395186422812,GS3,0.2757395186422812,-16.779982,-17.721447,0.9294052886560291,2.2641713792855115e+39,-0.6650907036935294,-0.13410226234921685,2.8890237566225583,2.6850739584579144,6.541244903820708e+39,-0.20433959060403595,0.3266488507402766,0.3266488507402766,36971,-0.13,-0.11,1.06,-0.11,1.05,-0.3177926132284814,0.4099047407222816,0.3228236863356172,0.8446977444241123,0.41359647397619836,-0.3477711115865012,-0.3177926132284814,-0.35070529442333
,22252,53.16220584299845,-27.80544693500151,,0.008053675217020778,0.0573197491884652,1.09343057016049,16401.800315579258,22252,0.215295,0.3271,1.2126,0.012962,0,0.69393,0.00382323,0.0,0.736411,2.42913,,,0,0.27826,-1.0,2,0.2821,8.51,-99.0,-99.0,0.10639,0.29,0.215295,0.0349482,-0.241874,-1.4106,0.846,1448.6734187890925,,,,,,,,,,,,,,GS4,53.16220584299845,-27.80544693500151,0.2793916002791932,GS4,0.2793916002791932,-16.58736,-17.500324,1.09343057016049,2.745520076812253e+39,-0.5813753761334866,0.08559067995860636,1.1694091950765968,1.278667762923523,3.2106364230916527e+39,-0.5134088717567877,0.15355718433530519,0.15355718433530519,22252,0.09,0.09,1.0,0.09,1.0,0.10524682755689371,0.43023161727049514,0.30064671542119625,0.6806142243036735,0.40120774622782474,-0.32653048292748865,0.10524682755689371,0.06790819590672567
,18761,53.14989774586259,-27.82389668194698,,0.06881047118634859,2.23446462934744,0.8850299866894401,16103.664355651252,18761,0.422354,1.291,0.7099,0.0102517,0,0.36588,0.00167388,0.1,2.06727,5.32544,,,0,0.238,-1.0,2,0.2447,8.6,0.24307,0.019618,0.22345,0.23,0.422354,0.0607715,-0.133758,-0.7613,1.014,1311.4265500031079,,,,,,,,,,,,,,GS4,53.14989774586259,-27.82389668194698,0.256136065183405,GS4,0.256136065183405,-17.075688,-17.880818,0.8850299866894401,1.8211191384951086e+39,-0.7596616415205659,-0.3853382531437672,1.3405373279702568,1.186415733530214,2.4412781838337286e+39,-0.6323827298739602,-0.2580593414971614,-0.2580593414971614,18761,-0.39,-0.36,1.06,-0.36,1.05,-0.48259343806929245,0.429506952749998,0.30064671542119625,0.3095343567516036,0.4211245232767633,-0.3066137058785501,-0.48259343806929245,-0.5398488467683991
,35952,189.30672151,62.334217007,,0.05389802172252921,12.6261690595057,3.8801186704046295,15916.42653324936,35952,0.42855,0.383,1.2381,0.38717,0,0.885408,0.16136,0.0,2.3692,5.31327,-17.578445,-18.351835,0,0.2777,0.2777,1,0.2711,8.61,-99.0,-99.0,0.29391,0.28,0.42855,0.0150463,-0.220867,-2.1836,0.156,1226.636919886421,,,,,,,,,,,,,,GN1,189.30672151,62.334217007,0.2415309308306832,GN1,0.2415309308306832,,,3.8801186704046295,6.985049720463978e+39,-0.1758304981759622,0.1921680023856136,0.6050127120167251,2.3475211197282344,4.226043874949579e+39,-0.39406599839833945,-0.026067497836763653,-0.026067497836763653,35952,0.27,0.27,1.0,0.27,1.0,0.1633534322445158,0.42908560470699186,0.27208154412267926,0.5460302735542677,0.4145837177245124,-0.2956469498709795,0.1633534322445158,0.10388504831774933
,20766,189.2399454295018,62.24386615053582,,0.08278848131155367,4.52613436483766,2.80589729735957,15782.547878080952,20766,0.380157,1.387,1.1038,0.0672819,0,1.13335,0.0378607,0.1,1.03728,3.35009,-16.792582,-17.739496,0,0.2662,0.2662,1,0.2488,8.62,-99.0,-99.0,0.11366,0.27,0.380157,0.0540993,-0.201113,-0.6155,1.032,1353.5031500070972,,,,,,,,,,,,,,GN4,189.23994543,62.243866149,0.2310879780094346,GN2,0.2633149236607076,,,2.80589729735957,6.15010798967085e+39,-0.23111725838614916,0.1889197498599089,0.4541816022443235,1.2743869302477866,2.793265900724322e+39,-0.5738877203245281,-0.15385071207847,-0.15385071207847,20766,0.06,0.08,1.06,0.08,1.05,0.03633452817954588,0.40834765621580854,0.2599382996731186,0.42275113245482765,0.4128721074588664,-0.2895093891500138,0.03633452817954588,-0.025346830974880413
,21890,53.174772666,-27.799323122,,0.014156934205601154,32.0997068068512,10.5862849314579,14747.42979685967,21890,0.525914,0.525914,1.5985,0.0132563,1,1.99358,0.00986389,0.7,12.889,29.9389,,,0,0.1514,0.1514,1,0.1495,8.68,0.45175,0.049764,0.40199,0.15,0.604731,0.098164,0.216522,-1.4106,0.846,723.0655927905966,,,,,,,,,,,,,,GS4,53.174772666,-27.799323122,0.1503455379765732,GS4,0.1503455379765732,-17.804596,-18.724373,10.5862849314579,6.622033907390327e+39,-0.19900859982152497,0.019429167997443958,1.0218676013382897,10.817781589992565,6.766841904925777e+39,-0.18961396990642498,0.02882379791254394,0.02882379791254394,21890,0.02,0.19,1.47,0.18,1.43,0.19415484425427504,0.39075299767290245,0.2599382996731186,0.6324500812994399,0.4261499588248254,-0.27623153778405474,0.19415484425427504,0.1191956337338897
,37555,189.26732495,62.356712025,,0.10157953950587546,0.926397808273546,1.0603103944008199,16030.040647096817,37555,0.265046,0.4081,1.2924,0.707644,0,0.717198,0.228661,0.4,0.96798,3.57096,-17.037753,-18.015173,0,0.29434,-1.0,2,0.2932,8.73,0.19838,0.049439,0.14894,0.3,0.265046,0.0355916,-0.26417,-1.3735,0.865,1356.3015557853337,,,,,,,,,,,,,,GN3,189.26732495,62.356712025,0.2503931862009999,GN1,0.263790795436706,,,1.0603103944008199,2.3336620722793897e+39,-0.6519620320822952,-0.07528328644351034,0.19151050636130643,0.20306058053185755,4.4692080513840155e+38,-1.369769427513539,-0.7930906818747542,-0.7930906818747542,37555,-0.13,-0.03,1.25,-0.04,1.23,-0.0057453151908391925,0.39642788067454865,0.2599382996731186,-0.16694403277652625,0.43721483496312485,-0.2651666616457553,-0.0057453151908391925,-0.09176940184952397
,21693,189.2325241499276,62.24847399031422,,0.02346218227192973,2.51928899395695,1.4327140984393398,16434.99410326425,21693,0.0238438,0.02827,1.7696,0.995716,0,0.853224,0.297149,0.2,0.37442,2.41811,-14.612048,-16.37718,0,0.30604,-1.0,2,0.2798,8.75,0.12598,0.059522,0.06646,0.19,0.0238438,0.0017389,-0.0831503,-1.707,0.622,1464.1215195967281,,,,,,,,,,,,,,GN2,189.2325241499276,62.24847399031422,0.2819808192873829,GN2,0.2819808192873829,,,1.4327140984393398,3.674567347595885e+39,-0.4547937884472901,1.1678307412094229,1.0078979554563965,1.444029610570565,3.703588916828727e+39,-0.4513772242203018,1.1712473054364112,1.1712473054364112,21693,1.17,1.22,1.12,1.21,1.11,1.2296355056568038,0.5549767449891492,0.2599382996731186,1.8064021008191717,0.44164078541844454,-0.2607407111904356,1.2296355056568038,1.1391854685427993
,36968,189.32673442,62.34633065299999,,0.03706278381617594,3.4587081109837596,1.39538959139366,16152.21114237567,36968,0.324375,0.324375,1.6147,0.0729157,0,0.689076,0.0181172,0.2,2.21497,7.13325,-17.170912,-18.19453,0,0.2318,0.2318,1,0.2943,8.78,0.16918,0.029981,0.1392,0.23,0.219992,0.0105922,0.174671,-1.872,0.454,1333.589067722713,,,,,,,,,,,,,,GN1,189.32673442,62.34633065299999,0.2599228660199431,GN1,0.2599228660199431,,,1.39538959139366,2.9691487906366265e+39,-0.5473680383981261,0.11022507359342615,0.3821158560433272,0.533200488229337,1.1345588318541242e+39,-0.9651729791204815,-0.30757986712892926,-0.30757986712892926,36968,0.11,0.16,1.12,0.15,1.11,0.061138536966932354,0.5653555238898104,0.2569558695985792,0.34108714768062975,0.4453427649154352,-0.25116483932146766,0.061138536966932354,-0.035950425830051404
,31995,189.28676757,62.30500277200002,,0.03590176314025426,0.657257823731438,1.33451880639704,15785.445670028035,31995,0.431375,1.282,1.5638,0.0409374,0,0.897846,0.0137432,0.7,2.23122,7.83398,-17.162122,-18.226185,0,0.2319,0.2319,1,0.2431,8.84,0.22168,0.054879,0.1668,0.23,0.431375,0.0541595,-0.133758,-0.7745,1.013,1167.979852921738,,,,,,,,,,,,,,GN4,189.28676757,62.30500277200002,0.2313140148227798,GN4,0.2313140148227798,,,1.33451880639704,2.1781502307638974e+39,-0.6819121695105892,-0.3167671418101325,0.035427304993334165,0.0472784047735682,7.716599254657379e+37,-2.132574053334359,-1.7674290256339025,-1.7674290256339025,31995,-0.32,-0.15,1.47,-0.16,1.43,-0.0053140957490001245,0.7689432188436051,0.2569558695985792,-1.0917375719707452,0.45862061628139444,-0.2378869879555084,-0.0053140957490001245,-0.11568090991194316
,19340,189.07259835,62.237899494,,0.005430632004381397,4.25797010062911,0.713742397004843,14824.559463601036,19340,0.673822,0.673822,1.6023,1.25291,0,0.44805,0.171908,0.5,10.44437,26.18921,-17.743132,-18.624528,0,0.156,0.156,1,0.1773,8.98,0.46413,0.1211,0.34303,0.16,0.649957,0.063924,0.326494,-1.5525,0.753,754.866205897633,,,,,,,,,,,,,,GN7,189.07259835,62.237899494,0.1563618926365861,GN7,0.1563618926365861,,,0.713742397004843,4.866020010637259e+38,-1.3328261094431255,-1.1457107348852895,0.18797543914261378,0.13416604051168715,9.14692248376285e+37,-2.058725001358461,-1.8716096268006248,-1.8716096268006248,19340,-1.15,-1.03,1.32,-1.03,1.29,-0.1936147023168922,0.89738707100815,0.23766494337724076,-1.1328611491457383,0.4896022694686322,-0.2069053347682706,-0.1936147023168922,-0.334963169667073
,26639,53.14211591688386,-27.78669472504702,,0.0056850444137075224,5.86607480710474,0.862925903265404,15753.187608381671,26639,0.794862,0.794862,0.5596,0.000943332,0,0.570426,0.000320546,1.2,5.17798,18.6096,,,0,0.227,0.227,1,0.2266,9.02,0.73225,0.34921,0.38305,0.23,0.737004,0.0880822,0.476833,-0.8741,1.001,1153.6176392624077,,,,,,,,,,,,,,GS4,53.14211591688386,-27.78669472504702,0.2287977853651849,GS4,0.2287977853651849,-18.04136,-19.118787,0.862925903265404,1.374009422271192e+39,-0.8820102890913546,-0.7494801340375342,0.7651106391648934,0.6602337893993362,1.0512692272924979e+39,-0.9982860480495219,-0.8657558929957015,-0.8657558929957015,26639,-0.75,-0.46,1.94,-0.48,1.86,-0.351950894015851,0.8742801599604474,0.23766494337724076,-0.10899112277174983,0.49845417037927137,-0.19805343385763147,-0.351950894015851,-0.502151262276671
,20355,189.11756013,62.24247484499999,,0.03136855136879095,3.37029322060315,0.569956945553531,13137.667803616205,20355,0.391513,0.391513,1.0076,0.119569,0,0.553452,0.0265497,0.8,2.72258,11.32245,-17.520217,-18.733179,0,0.2428,0.2428,1,0.2492,9.21,0.40717,0.18612,0.22105,0.24,0.502553,0.023051,0.190052,-0.6542,1.027,109.23072074244587,,,,,,,,,,,,,,GN7,189.11756013,62.24247484499999,0.02477907984525787,GN7,0.02477907984525787,,,0.569956945553531,8.136246133070161e+36,-3.109575921858017,-2.810757791719225,0.634873560403665,0.3618505953003681,5.1654875508228044e+36,-3.30688868079703,-3.008070550658238,-3.008070550658238,20355,-2.81,-2.62,1.56,-2.63,1.51,-1.6633687282576024,1.147169543730817,0.23766494337724076,-2.1657283907312257,0.5405006997048087,-0.15600690453209404,-1.6633687282576024,-1.8556156258439598
,19745,53.19992213299768,-27.81546262299473,,0.0032757554244218987,10.9347485447755,0.959631084312804,15800.89228991934,19745,1.2772,1.2772,5.4768,0.0507864,0,0.161016,0.000772136,0.4,6.39629,19.8736,,,0,0.2329,0.2329,1,0.239,9.29,1.4837,0.79534,0.68832,0.23,1.02895,0.111898,0.807844,-1.2078,0.933,1174.8689120519423,,,,,,,,,,,,,,GS4,53.19992213299768,-27.81546262299473,0.2325188993696834,GS4,0.2325188993696834,-18.317813,-19.252314,0.959631084312804,1.5848040074149964e+39,-0.8200244392892913,-0.8324187107945028,0.39706538329015073,0.38103628430980646,6.292708106440024e+38,-1.2211624129692638,-1.2335566844744752,-1.2335566844744752,19745,-0.83,-0.74,1.25,-0.74,1.23,-0.29382838363471153,0.8988556532866389,0.2569558695985792,-0.3551819394093332,0.5611414477120757,-0.14124004889680442,-0.29382838363471153,-0.5037790830423472
,17963,189.1534668,62.23099412800001,,0.11618127658698069,0.7543891906649489,0.40150890072397005,15346.482864430154,17963,20.1768,18.13,0.285,0.115964,1,0.318642,0.0319827,0.0,0.22425,0.4951,-21.011006,-21.206885,-1,0.1906,2.856,3,0.1906,9.32,0.024886,0.015046,0.0098398,2.86,20.1768,0.875138,-126.94,-1.7001,0.911,1056.3867729907774,,,,,,,,,,,,,,GN2,189.1534668,62.23099412800001,0.1970735463674067,GN7,0.2116058729064601,,,0.40150890072397005,5.360848276874309e+38,-1.2907664840354158,-2.5956187731641847,0.7754724025733767,0.31135907189901246,4.157189893099067e+38,-1.4012001372350653,-2.706052426363834,-2.706052426363834,17963,-2.6,-2.6,1.0,-2.6,1.0,-2.0162282466907793,0.9215984380740863,0.2599382996731186,-1.8141654618718923,0.5717049588883614,-0.13852570870713055,-2.0162282466907793,-2.2328178717813945
,33397,189.17546982,62.314346623,,0.011038860195938863,16.7590762780839,3.66749489916967,15980.302744337603,33397,0.676842,0.676842,0.8072,0.129569,0,0.933042,0.0718684,0.8,4.36831,20.14806,-18.174565,-19.460854,0,0.19602,-1.0,2,0.2131,9.34,0.33978,0.13154,0.20824,0.25,0.951868,0.0782902,0.295839,-0.4611,1.055,1246.982173983502,,,,,,,,,,,,,,GN5,189.1754698206713,62.31434661897602,0.246513474597317,GN3,0.245052751020829,,,3.66749489916967,6.823111022129102e+39,-0.18601756204770226,-0.16459428895494913,1.4052617719529545,5.153790380635592,9.588257085188873e+39,-0.03826032995940665,-0.01683705686665351,-0.01683705686665351,33397,-0.45,-0.26,1.56,-0.27,1.51,-0.36536806070776817,0.9942361684421351,0.27208154412267926,0.884058053909821,0.576130909343681,-0.13409975825181086,-0.36536806070776817,-0.5863836362537033
,30082,53.13972610300002,-27.77315210200002,,0.009431457302434759,4.80721371950648,1.20939481860388,16439.78729856404,30082,0.51103,0.51103,0.8599,0.00636652,0,0.429516,0.00111209,0.6,2.52578,11.1714,,,0,0.276,0.276,1,0.2923,9.36,0.44338,0.1943,0.24908,0.28,0.634116,0.0697164,0.239346,-0.8667,1.002,1466.3549726205454,,,,,,,,,,,,,,GS4,53.13972610300002,-27.77315210200002,0.2823547034761341,GS4,0.2823547034761341,-17.842122,-19.01631,1.20939481860388,3.1112776223256383e+39,-0.5270612346435897,-0.3292299460769553,1.347249876489545,1.6293570199911733,4.191668392402902e+39,-0.397613082189892,-0.19978179362325765,-0.19978179362325765,30082,-0.33,-0.18,1.39,-0.19,1.36,-0.2425049777681181,1.0431068867790931,0.27208154412267926,0.7101214634377494,0.6008106696148896,-0.1499276176123801,-0.2425049777681181,-0.46794650376937286
,26823,189.245094,62.27718569200001,,0.0040831583885274645,240.294078975272,64.171185977635,16640.737704541956,26823,3.84979,3.84979,0.9073,0.488596,0,1.09206,0.315464,0.9,8.21916,46.36899,-19.382396,-20.757611,0,0.299,0.299,1,0.297,10.12,3.0651,2.0909,0.97421,0.3,1.88578,0.121644,3.1696,-0.8319,1.156,1560.442395971161,,,,,,,,,,,,,,GN3,189.245094,62.27718569200001,0.2980294621327578,GN4,0.2980020343062498,,,64.171185977635,1.8695107958326872e+41,1.251727977410546,0.9762369519779819,1.183328962038464,75.93562289569206,2.2122462695523966e+41,1.3248334714366194,1.0493424460040552,1.0493424460040552,26823,0.98,1.19,1.65,1.18,1.59,1.408161464825772,1.3676513533220223,0.27208154412267926,2.3015552618773043,0.7689967869170375,0.018258499689767838,1.408161464825772,1.0145338215223694
,33015,189.28222579,62.31425775499999,,0.0014626402082427233,53.314568675375995,1.9904995720879,15416.308290955236,33015,0.15187,0.15187,5.1774,10.4521,0,0.646698,0.703739,0.6,10.34277,92.01885,-18.420002,-20.433996,0,0.201,0.201,1,0.2064,10.18,0.29925,0.048715,0.25054,0.2,0.166411,0.0256008,0.0619331,-1.5153,0.78,1005.6411274108453,,,,,,,,,,,,,,GN3,189.28222579,62.31425775499999,0.2025201475004083,GN3,0.2025201475004083,,,1.9904995720879,2.408466279676888e+39,-0.6382594297534396,0.14055853986994205,1.1619318663506546,2.312824882766273,2.798473719387585e+39,-0.5730787672201956,0.2057392024031861,0.2057392024031861,33015,0.14,0.28,1.39,0.27,1.36,0.3253409225781833,1.3965964474077655,0.2772453271330795,1.484976457130033,0.7620208284671077,0.05179016087161581,0.3253409225781833,-0.08156457209117846
